layer,intensity,Layer_1_Bandwidth,Layer_1_Center_Freq,Layer_1_RMS_Energy,Layer_1_ToF,Layer_1_Wavelet_Energy_L0,Layer_1_Wavelet_Energy_L1,Layer_1_Wavelet_Energy_L2,Layer_1_Wavelet_Energy_L3,Layer_1_amplitude,Layer_1_frame_diff_rms,Layer_1_within_layer_std,Layer_2_Bandwidth,Layer_2_Center_Freq,Layer_2_RMS_Energy,Layer_2_ToF,Layer_2_Wavelet_Energy_L0,Layer_2_Wavelet_Energy_L1,Layer_2_Wavelet_Energy_L2,Layer_2_Wavelet_Energy_L3,Layer_2_amplitude,Layer_2_frame_diff_rms,Layer_2_within_layer_std,Layer_3_Bandwidth,Layer_3_Center_Freq,Layer_3_RMS_Energy,Layer_3_ToF,Layer_3_Wavelet_Energy_L0,Layer_3_Wavelet_Energy_L1,Layer_3_Wavelet_Energy_L2,Layer_3_Wavelet_Energy_L3,Layer_3_amplitude,Layer_3_frame_diff_rms,Layer_3_within_layer_std,Layer_4_Bandwidth,Layer_4_Center_Freq,Layer_4_RMS_Energy,Layer_4_ToF,Layer_4_Wavelet_Energy_L0,Layer_4_Wavelet_Energy_L1,Layer_4_Wavelet_Energy_L2,Layer_4_Wavelet_Energy_L3,Layer_4_amplitude,Layer_4_frame_diff_rms,Layer_4_within_layer_std,Layer_5_Bandwidth,Layer_5_Center_Freq,Layer_5_RMS_Energy,Layer_5_ToF,Layer_5_Wavelet_Energy_L0,Layer_5_Wavelet_Energy_L1,Layer_5_Wavelet_Energy_L2,Layer_5_Wavelet_Energy_L3,Layer_5_amplitude,Layer_5_frame_diff_rms,Layer_5_within_layer_std,Layer_6_Bandwidth,Layer_6_Center_Freq,Layer_6_RMS_Energy,Layer_6_ToF,Layer_6_Wavelet_Energy_L0,Layer_6_Wavelet_Energy_L1,Layer_6_Wavelet_Energy_L2,Layer_6_Wavelet_Energy_L3,Layer_6_amplitude,Layer_6_frame_diff_rms,Layer_6_within_layer_std,Layer_7_Bandwidth,Layer_7_Center_Freq,Layer_7_RMS_Energy,Layer_7_ToF,Layer_7_Wavelet_Energy_L0,Layer_7_Wavelet_Energy_L1,Layer_7_Wavelet_Energy_L2,Layer_7_Wavelet_Energy_L3,Layer_7_amplitude,Layer_7_frame_diff_rms,Layer_7_within_layer_std,Layer_8_Bandwidth,Layer_8_Center_Freq,Layer_8_RMS_Energy,Layer_8_ToF,Layer_8_Wavelet_Energy_L0,Layer_8_Wavelet_Energy_L1,Layer_8_Wavelet_Energy_L2,Layer_8_Wavelet_Energy_L3,Layer_8_amplitude,Layer_8_frame_diff_rms,Layer_8_within_layer_std,Layer_9_Bandwidth,Layer_9_Center_Freq,Layer_9_RMS_Energy,Layer_9_ToF,Layer_9_Wavelet_Energy_L0,Layer_9_Wavelet_Energy_L1,Layer_9_Wavelet_Energy_L2,Layer_9_Wavelet_Energy_L3,Layer_9_amplitude,Layer_9_frame_diff_rms,Layer_9_within_layer_std,Layer_10_Bandwidth,Layer_10_Center_Freq,Layer_10_RMS_Energy,Layer_10_ToF,Layer_10_Wavelet_Energy_L0,Layer_10_Wavelet_Energy_L1,Layer_10_Wavelet_Energy_L2,Layer_10_Wavelet_Energy_L3,Layer_10_amplitude,Layer_10_frame_diff_rms,Layer_10_within_layer_std,Layer_11_Bandwidth,Layer_11_Center_Freq,Layer_11_RMS_Energy,Layer_11_ToF,Layer_11_Wavelet_Energy_L0,Layer_11_Wavelet_Energy_L1,Layer_11_Wavelet_Energy_L2,Layer_11_Wavelet_Energy_L3,Layer_11_amplitude,Layer_11_frame_diff_rms,Layer_11_within_layer_std,Layer_12_Bandwidth,Layer_12_Center_Freq,Layer_12_RMS_Energy,Layer_12_ToF,Layer_12_Wavelet_Energy_L0,Layer_12_Wavelet_Energy_L1,Layer_12_Wavelet_Energy_L2,Layer_12_Wavelet_Energy_L3,Layer_12_amplitude,Layer_12_frame_diff_rms,Layer_12_within_layer_std,Layer_13_Bandwidth,Layer_13_Center_Freq,Layer_13_RMS_Energy,Layer_13_ToF,Layer_13_Wavelet_Energy_L0,Layer_13_Wavelet_Energy_L1,Layer_13_Wavelet_Energy_L2,Layer_13_Wavelet_Energy_L3,Layer_13_amplitude,Layer_13_frame_diff_rms,Layer_13_within_layer_std,Layer_14_Bandwidth,Layer_14_Center_Freq,Layer_14_RMS_Energy,Layer_14_ToF,Layer_14_Wavelet_Energy_L0,Layer_14_Wavelet_Energy_L1,Layer_14_Wavelet_Energy_L2,Layer_14_Wavelet_Energy_L3,Layer_14_amplitude,Layer_14_frame_diff_rms,Layer_14_within_layer_std,Layer_15_Bandwidth,Layer_15_Center_Freq,Layer_15_RMS_Energy,Layer_15_ToF,Layer_15_Wavelet_Energy_L0,Layer_15_Wavelet_Energy_L1,Layer_15_Wavelet_Energy_L2,Layer_15_Wavelet_Energy_L3,Layer_15_amplitude,Layer_15_frame_diff_rms,Layer_15_within_layer_std,Layer_16_Bandwidth,Layer_16_Center_Freq,Layer_16_RMS_Energy,Layer_16_ToF,Layer_16_Wavelet_Energy_L0,Layer_16_Wavelet_Energy_L1,Layer_16_Wavelet_Energy_L2,Layer_16_Wavelet_Energy_L3,Layer_16_amplitude,Layer_16_frame_diff_rms,Layer_16_within_layer_std,Layer_17_Bandwidth,Layer_17_Center_Freq,Layer_17_RMS_Energy,Layer_17_ToF,Layer_17_Wavelet_Energy_L0,Layer_17_Wavelet_Energy_L1,Layer_17_Wavelet_Energy_L2,Layer_17_Wavelet_Energy_L3,Layer_17_amplitude,Layer_17_frame_diff_rms,Layer_17_within_layer_std,Layer_18_Bandwidth,Layer_18_Center_Freq,Layer_18_RMS_Energy,Layer_18_ToF,Layer_18_Wavelet_Energy_L0,Layer_18_Wavelet_Energy_L1,Layer_18_Wavelet_Energy_L2,Layer_18_Wavelet_Energy_L3,Layer_18_amplitude,Layer_18_frame_diff_rms,Layer_18_within_layer_std,Layer_19_Bandwidth,Layer_19_Center_Freq,Layer_19_RMS_Energy,Layer_19_ToF,Layer_19_Wavelet_Energy_L0,Layer_19_Wavelet_Energy_L1,Layer_19_Wavelet_Energy_L2,Layer_19_Wavelet_Energy_L3,Layer_19_amplitude,Layer_19_frame_diff_rms,Layer_19_within_layer_std,Layer_20_Bandwidth,Layer_20_Center_Freq,Layer_20_RMS_Energy,Layer_20_ToF,Layer_20_Wavelet_Energy_L0,Layer_20_Wavelet_Energy_L1,Layer_20_Wavelet_Energy_L2,Layer_20_Wavelet_Energy_L3,Layer_20_amplitude,Layer_20_frame_diff_rms,Layer_20_within_layer_std,Layer_21_Bandwidth,Layer_21_Center_Freq,Layer_21_RMS_Energy,Layer_21_ToF,Layer_21_Wavelet_Energy_L0,Layer_21_Wavelet_Energy_L1,Layer_21_Wavelet_Energy_L2,Layer_21_Wavelet_Energy_L3,Layer_21_amplitude,Layer_21_frame_diff_rms,Layer_21_within_layer_std,Layer_22_Bandwidth,Layer_22_Center_Freq,Layer_22_RMS_Energy,Layer_22_ToF,Layer_22_Wavelet_Energy_L0,Layer_22_Wavelet_Energy_L1,Layer_22_Wavelet_Energy_L2,Layer_22_Wavelet_Energy_L3,Layer_22_amplitude,Layer_22_frame_diff_rms,Layer_22_within_layer_std,Layer_23_Bandwidth,Layer_23_Center_Freq,Layer_23_RMS_Energy,Layer_23_ToF,Layer_23_Wavelet_Energy_L0,Layer_23_Wavelet_Energy_L1,Layer_23_Wavelet_Energy_L2,Layer_23_Wavelet_Energy_L3,Layer_23_amplitude,Layer_23_frame_diff_rms,Layer_23_within_layer_std,Layer_24_Bandwidth,Layer_24_Center_Freq,Layer_24_RMS_Energy,Layer_24_ToF,Layer_24_Wavelet_Energy_L0,Layer_24_Wavelet_Energy_L1,Layer_24_Wavelet_Energy_L2,Layer_24_Wavelet_Energy_L3,Layer_24_amplitude,Layer_24_frame_diff_rms,Layer_24_within_layer_std,Layer_25_Bandwidth,Layer_25_Center_Freq,Layer_25_RMS_Energy,Layer_25_ToF,Layer_25_Wavelet_Energy_L0,Layer_25_Wavelet_Energy_L1,Layer_25_Wavelet_Energy_L2,Layer_25_Wavelet_Energy_L3,Layer_25_amplitude,Layer_25_frame_diff_rms,Layer_25_within_layer_std,Layer_26_Bandwidth,Layer_26_Center_Freq,Layer_26_RMS_Energy,Layer_26_ToF,Layer_26_Wavelet_Energy_L0,Layer_26_Wavelet_Energy_L1,Layer_26_Wavelet_Energy_L2,Layer_26_Wavelet_Energy_L3,Layer_26_amplitude,Layer_26_frame_diff_rms,Layer_26_within_layer_std,Layer_27_Bandwidth,Layer_27_Center_Freq,Layer_27_RMS_Energy,Layer_27_ToF,Layer_27_Wavelet_Energy_L0,Layer_27_Wavelet_Energy_L1,Layer_27_Wavelet_Energy_L2,Layer_27_Wavelet_Energy_L3,Layer_27_amplitude,Layer_27_frame_diff_rms,Layer_27_within_layer_std,Layer_28_Bandwidth,Layer_28_Center_Freq,Layer_28_RMS_Energy,Layer_28_ToF,Layer_28_Wavelet_Energy_L0,Layer_28_Wavelet_Energy_L1,Layer_28_Wavelet_Energy_L2,Layer_28_Wavelet_Energy_L3,Layer_28_amplitude,Layer_28_frame_diff_rms,Layer_28_within_layer_std,Layer_29_Bandwidth,Layer_29_Center_Freq,Layer_29_RMS_Energy,Layer_29_ToF,Layer_29_Wavelet_Energy_L0,Layer_29_Wavelet_Energy_L1,Layer_29_Wavelet_Energy_L2,Layer_29_Wavelet_Energy_L3,Layer_29_amplitude,Layer_29_frame_diff_rms,Layer_29_within_layer_std,Layer_30_Bandwidth,Layer_30_Center_Freq,Layer_30_RMS_Energy,Layer_30_ToF,Layer_30_Wavelet_Energy_L0,Layer_30_Wavelet_Energy_L1,Layer_30_Wavelet_Energy_L2,Layer_30_Wavelet_Energy_L3,Layer_30_amplitude,Layer_30_frame_diff_rms,Layer_30_within_layer_std,thickness,modulus,DoC
10,10,120577.2528,20679.26441,0.181178753,0.4352,2290000000000.0,361891007.7,341991876.0,601606898.7,3.831920191,239.2795859,152.1859193,150810.9229,22467.03438,0.181783813,0.4888,2310000000000.0,379938146.0,371809319.9,829927504.1,3.82677211,230.6788384,142.2170164,121306.0555,20681.84087,0.181330278,0.5584,2300000000000.0,360587107.8,331575091.7,604047393.1,4.208245297,226.9997439,132.9184465,150595.9166,22416.44855,0.179666551,0.6208,2270000000000.0,377579726.3,343482625.8,828352684.7,4.002336821,229.7031461,136.0429249,156740.3037,22615.94187,0.178801538,0.6868,2270000000000.0,379706172.5,364102592.6,826561171.7,3.96502981,239.3302252,137.3238003,131101.5743,20603.8039,0.176777034,0.7488,2260000000000.0,360742726.8,338737338.3,612826340.6,3.639362276,239.6617289,140.7922156,169896.729,22784.8809,0.174280935,0.8124,2240000000000.0,386036696.4,344954564.4,862482341.3,3.287154257,226.0317417,137.3310089,145469.0601,20623.83744,0.170916267,0.876,2220000000000.0,371122843.4,333718668.5,614884868.0,2.719964578,238.9249268,139.2632777,157486.0084,21022.45302,0.167631804,0.94,2180000000000.0,357968167.8,335832419.8,626240352.2,2.413314481,228.1746666,140.9736635,205494.615,24263.43725,0.164820943,0.9952,2170000000000.0,376927999.2,336451679.4,861650632.1,1.841186744,228.7737466,142.57652,0.0,0.0,0.0,0.0,0.0,0.0,0.0,0.0,0.0,0.0,0.0,0.0,0.0,0.0,0.0,0.0,0.0,0.0,0.0,0.0,0.0,0.0,0.0,0.0,0.0,0.0,0.0,0.0,0.0,0.0,0.0,0.0,0.0,0.0,0.0,0.0,0.0,0.0,0.0,0.0,0.0,0.0,0.0,0.0,0.0,0.0,0.0,0.0,0.0,0.0,0.0,0.0,0.0,0.0,0.0,0.0,0.0,0.0,0.0,0.0,0.0,0.0,0.0,0.0,0.0,0.0,0.0,0.0,0.0,0.0,0.0,0.0,0.0,0.0,0.0,0.0,0.0,0.0,0.0,0.0,0.0,0.0,0.0,0.0,0.0,0.0,0.0,0.0,0.0,0.0,0.0,0.0,0.0,0.0,0.0,0.0,0.0,0.0,0.0,0.0,0.0,0.0,0.0,0.0,0.0,0.0,0.0,0.0,0.0,0.0,0.0,0.0,0.0,0.0,0.0,0.0,0.0,0.0,0.0,0.0,0.0,0.0,0.0,0.0,0.0,0.0,0.0,0.0,0.0,0.0,0.0,0.0,0.0,0.0,0.0,0.0,0.0,0.0,0.0,0.0,0.0,0.0,0.0,0.0,0.0,0.0,0.0,0.0,0.0,0.0,0.0,0.0,0.0,0.0,0.0,0.0,0.0,0.0,0.0,0.0,0.0,0.0,0.0,0.0,0.0,0.0,0.0,0.0,0.0,0.0,0.0,0.0,0.0,0.0,0.0,0.0,0.0,0.0,0.0,0.0,0.0,0.0,0.0,0.0,0.0,0.0,0.0,0.0,0.0,0.0,0.0,0.0,0.0,0.0,0.0,0.0,0.0,0.0,0.0,0.0,0.0,0.0,0.0,0.0,0.0,0.0,0.0,0.0,0.0,0.0,0.0,0.0,0.0,0.0,0.0,0.0,0.0,0.0,0.0,0.0,1.227,982.16,0.702386699
10,20,118465.8399,20494.66956,0.182995276,0.4388,2330000000000.0,361923162.8,329158392.0,608557338.9,4.013471229,241.1803484,155.2846292,118026.8391,20435.97176,0.182190369,0.494,2310000000000.0,365095428.6,331019383.7,594166756.2,4.291332907,224.5702878,135.5175316,151961.9073,22461.08646,0.181637518,0.562,2310000000000.0,389289473.6,365982725.0,836134288.9,4.378166188,229.9344689,142.7037272,125056.4513,20684.04429,0.180321068,0.628,2300000000000.0,371283398.1,333395263.8,616506079.7,4.027726089,246.9170716,140.7640635,161989.7626,22540.02656,0.176994085,0.6904,2260000000000.0,372002134.7,365235844.4,816602198.5,3.631091993,233.9820908,138.1158842,166516.6983,22396.05392,0.17333812,0.7456,2230000000000.0,387932402.2,340219878.3,812475843.2,3.220148141,233.0004355,143.7651419,147913.475,20489.31069,0.168352656,0.7916,2190000000000.0,361884119.1,333467437.0,599796735.5,2.31556644,227.8884889,143.0503316,156376.8093,20671.02518,0.166604635,0.8596,2180000000000.0,374594098.7,338549920.0,607661204.9,2.042440342,329.043296,196.466468,165417.1131,20851.9278,0.163116397,0.9144,2150000000000.0,362211360.8,335876381.9,600575704.3,1.642428609,235.9382584,146.6134613,177285.5263,21633.00414,0.160438739,0.9684,2130000000000.0,368276931.4,346956298.8,607958196.8,1.435443557,234.8068956,140.4304245,0.0,0.0,0.0,0.0,0.0,0.0,0.0,0.0,0.0,0.0,0.0,0.0,0.0,0.0,0.0,0.0,0.0,0.0,0.0,0.0,0.0,0.0,0.0,0.0,0.0,0.0,0.0,0.0,0.0,0.0,0.0,0.0,0.0,0.0,0.0,0.0,0.0,0.0,0.0,0.0,0.0,0.0,0.0,0.0,0.0,0.0,0.0,0.0,0.0,0.0,0.0,0.0,0.0,0.0,0.0,0.0,0.0,0.0,0.0,0.0,0.0,0.0,0.0,0.0,0.0,0.0,0.0,0.0,0.0,0.0,0.0,0.0,0.0,0.0,0.0,0.0,0.0,0.0,0.0,0.0,0.0,0.0,0.0,0.0,0.0,0.0,0.0,0.0,0.0,0.0,0.0,0.0,0.0,0.0,0.0,0.0,0.0,0.0,0.0,0.0,0.0,0.0,0.0,0.0,0.0,0.0,0.0,0.0,0.0,0.0,0.0,0.0,0.0,0.0,0.0,0.0,0.0,0.0,0.0,0.0,0.0,0.0,0.0,0.0,0.0,0.0,0.0,0.0,0.0,0.0,0.0,0.0,0.0,0.0,0.0,0.0,0.0,0.0,0.0,0.0,0.0,0.0,0.0,0.0,0.0,0.0,0.0,0.0,0.0,0.0,0.0,0.0,0.0,0.0,0.0,0.0,0.0,0.0,0.0,0.0,0.0,0.0,0.0,0.0,0.0,0.0,0.0,0.0,0.0,0.0,0.0,0.0,0.0,0.0,0.0,0.0,0.0,0.0,0.0,0.0,0.0,0.0,0.0,0.0,0.0,0.0,0.0,0.0,0.0,0.0,0.0,0.0,0.0,0.0,0.0,0.0,0.0,0.0,0.0,0.0,0.0,0.0,0.0,0.0,0.0,0.0,0.0,0.0,0.0,0.0,0.0,0.0,0.0,0.0,0.0,0.0,0.0,0.0,0.0,0.0,1.273,2029.1,0.71941662
10,30,151570.7127,22461.14198,0.182124602,0.4444,2310000000000.0,382943287.4,376587925.3,844741049.8,4.147810288,246.4244389,154.7273857,152199.4643,22569.38927,0.181939401,0.5012,2300000000000.0,369282992.5,347762403.7,861882553.7,4.081928458,229.9642777,143.6404166,121007.2247,20630.45871,0.181412909,0.5636,2300000000000.0,363986490.4,329165388.6,604296114.2,4.31838038,221.125876,131.4565836,151295.6828,22273.52384,0.178505038,0.628,2260000000000.0,373294176.1,372504900.2,784606982.0,4.2982142,244.8356415,141.6902076,132865.8088,20561.76138,0.176088771,0.6888,2250000000000.0,353845194.9,335112661.2,617035224.3,3.83506511,234.2145051,137.0765063,140714.4469,20445.63269,0.172905145,0.7492,2220000000000.0,361002540.2,338085315.7,614214579.1,3.208074421,246.4533288,145.1220082,150593.4906,20489.82499,0.168530435,0.8004,2180000000000.0,361822388.9,334642645.4,616497546.9,2.477957527,234.0618235,140.6975362,203025.9649,24039.62256,0.16416234,0.8564,2150000000000.0,377522558.6,371895862.8,812115983.4,2.141804595,237.6184734,150.6617217,178657.322,21622.41208,0.16167628,0.9068,2130000000000.0,367094217.5,346155730.8,627998016.0,1.737944881,248.1972727,149.3873473,237698.3982,26929.51598,0.159116489,0.9544,2110000000000.0,387797620.0,381561090.4,855943658.2,1.74314597,238.1200276,151.2262572,0.0,0.0,0.0,0.0,0.0,0.0,0.0,0.0,0.0,0.0,0.0,0.0,0.0,0.0,0.0,0.0,0.0,0.0,0.0,0.0,0.0,0.0,0.0,0.0,0.0,0.0,0.0,0.0,0.0,0.0,0.0,0.0,0.0,0.0,0.0,0.0,0.0,0.0,0.0,0.0,0.0,0.0,0.0,0.0,0.0,0.0,0.0,0.0,0.0,0.0,0.0,0.0,0.0,0.0,0.0,0.0,0.0,0.0,0.0,0.0,0.0,0.0,0.0,0.0,0.0,0.0,0.0,0.0,0.0,0.0,0.0,0.0,0.0,0.0,0.0,0.0,0.0,0.0,0.0,0.0,0.0,0.0,0.0,0.0,0.0,0.0,0.0,0.0,0.0,0.0,0.0,0.0,0.0,0.0,0.0,0.0,0.0,0.0,0.0,0.0,0.0,0.0,0.0,0.0,0.0,0.0,0.0,0.0,0.0,0.0,0.0,0.0,0.0,0.0,0.0,0.0,0.0,0.0,0.0,0.0,0.0,0.0,0.0,0.0,0.0,0.0,0.0,0.0,0.0,0.0,0.0,0.0,0.0,0.0,0.0,0.0,0.0,0.0,0.0,0.0,0.0,0.0,0.0,0.0,0.0,0.0,0.0,0.0,0.0,0.0,0.0,0.0,0.0,0.0,0.0,0.0,0.0,0.0,0.0,0.0,0.0,0.0,0.0,0.0,0.0,0.0,0.0,0.0,0.0,0.0,0.0,0.0,0.0,0.0,0.0,0.0,0.0,0.0,0.0,0.0,0.0,0.0,0.0,0.0,0.0,0.0,0.0,0.0,0.0,0.0,0.0,0.0,0.0,0.0,0.0,0.0,0.0,0.0,0.0,0.0,0.0,0.0,0.0,0.0,0.0,0.0,0.0,0.0,0.0,0.0,0.0,0.0,0.0,0.0,0.0,0.0,0.0,0.0,0.0,0.0,1.365,6675.7,0.711217223
10,40,146532.9727,22081.45455,0.183630546,0.4532,2320000000000.0,375871159.7,341987868.8,854268086.4,4.121686755,242.8259805,163.748325,147335.5704,22107.22819,0.182917923,0.5076,2310000000000.0,376501121.7,338509862.0,851913315.6,4.109189714,237.097592,140.2211103,152327.5178,22290.83712,0.180404716,0.5712,2280000000000.0,376437144.1,340265242.3,859771440.3,4.354210901,235.3573301,145.4132315,170552.9781,22980.6547,0.17578949,0.6304,2250000000000.0,383961863.1,349798443.2,903135090.7,3.427682499,259.733982,154.2154827,184333.8069,23247.01073,0.170389364,0.674,2210000000000.0,382139335.8,344083573.0,890654313.9,2.497366327,282.3421726,172.9534173,155074.8614,20344.6708,0.167613167,0.7356,2190000000000.0,369050747.9,339130921.6,617009935.8,2.169268003,356.0795092,193.2581914,221075.3639,25402.02463,0.163959898,0.7832,2150000000000.0,381674476.1,344855874.8,928584704.0,1.622983588,259.0164702,152.6374069,230419.5639,26151.539,0.160946192,0.8308,2130000000000.0,387133926.6,376564740.4,855786536.4,1.34204519,238.2072926,148.9678764,240904.9589,27276.78073,0.158841561,0.88,2110000000000.0,386145029.4,389160159.6,836733256.8,1.324468963,240.5621479,148.2886081,198104.8749,23431.66042,0.158523851,0.9276,2110000000000.0,363627540.4,346680287.6,643339152.8,1.412543265,249.6791769,146.5256202,0.0,0.0,0.0,0.0,0.0,0.0,0.0,0.0,0.0,0.0,0.0,0.0,0.0,0.0,0.0,0.0,0.0,0.0,0.0,0.0,0.0,0.0,0.0,0.0,0.0,0.0,0.0,0.0,0.0,0.0,0.0,0.0,0.0,0.0,0.0,0.0,0.0,0.0,0.0,0.0,0.0,0.0,0.0,0.0,0.0,0.0,0.0,0.0,0.0,0.0,0.0,0.0,0.0,0.0,0.0,0.0,0.0,0.0,0.0,0.0,0.0,0.0,0.0,0.0,0.0,0.0,0.0,0.0,0.0,0.0,0.0,0.0,0.0,0.0,0.0,0.0,0.0,0.0,0.0,0.0,0.0,0.0,0.0,0.0,0.0,0.0,0.0,0.0,0.0,0.0,0.0,0.0,0.0,0.0,0.0,0.0,0.0,0.0,0.0,0.0,0.0,0.0,0.0,0.0,0.0,0.0,0.0,0.0,0.0,0.0,0.0,0.0,0.0,0.0,0.0,0.0,0.0,0.0,0.0,0.0,0.0,0.0,0.0,0.0,0.0,0.0,0.0,0.0,0.0,0.0,0.0,0.0,0.0,0.0,0.0,0.0,0.0,0.0,0.0,0.0,0.0,0.0,0.0,0.0,0.0,0.0,0.0,0.0,0.0,0.0,0.0,0.0,0.0,0.0,0.0,0.0,0.0,0.0,0.0,0.0,0.0,0.0,0.0,0.0,0.0,0.0,0.0,0.0,0.0,0.0,0.0,0.0,0.0,0.0,0.0,0.0,0.0,0.0,0.0,0.0,0.0,0.0,0.0,0.0,0.0,0.0,0.0,0.0,0.0,0.0,0.0,0.0,0.0,0.0,0.0,0.0,0.0,0.0,0.0,0.0,0.0,0.0,0.0,0.0,0.0,0.0,0.0,0.0,0.0,0.0,0.0,0.0,0.0,0.0,0.0,0.0,0.0,0.0,0.0,0.0,1.439,2478.8,0.725419206
10,50,118190.3985,20500.56297,0.183377559,0.4256,2320000000000.0,377230828.0,339508283.5,616492116.4,4.062678556,241.7285195,166.0471226,120634.7701,20388.15005,0.181412195,0.4816,2310000000000.0,368485422.9,331408067.3,607195563.0,3.931614264,239.1981474,138.0377361,161705.798,22602.96751,0.177561238,0.5452,2270000000000.0,395338608.7,374121567.1,838433325.5,3.324288624,245.3365078,151.5207618,169305.2101,22538.59361,0.173884242,0.6048,2230000000000.0,373954123.6,350526017.3,865617519.3,3.314194878,254.4834477,151.5787324,195760.677,23703.53832,0.16784778,0.6548,2170000000000.0,388541768.5,384616617.5,865736962.1,2.283525714,247.7087354,157.1952737,165882.3348,20668.82205,0.163932449,0.6988,2150000000000.0,356424179.9,335814273.5,620847555.8,1.829332127,255.6411006,153.1479675,228019.1365,25879.51658,0.160915119,0.7444,2120000000000.0,386166852.5,350028572.5,887171949.3,1.560785199,237.9694406,153.3622407,191418.977,22497.50688,0.159594691,0.7916,2110000000000.0,370503717.5,344581675.2,617372502.7,1.476815289,240.2726899,149.7533011,193757.1967,23020.40216,0.159308397,0.8396,2120000000000.0,357135862.1,340717744.1,621191890.7,1.383053279,239.1411546,147.6458285,193654.0416,23177.65881,0.159760834,0.888,2120000000000.0,364009233.5,346764968.8,615077549.9,1.328365332,256.0926063,149.022495,0.0,0.0,0.0,0.0,0.0,0.0,0.0,0.0,0.0,0.0,0.0,0.0,0.0,0.0,0.0,0.0,0.0,0.0,0.0,0.0,0.0,0.0,0.0,0.0,0.0,0.0,0.0,0.0,0.0,0.0,0.0,0.0,0.0,0.0,0.0,0.0,0.0,0.0,0.0,0.0,0.0,0.0,0.0,0.0,0.0,0.0,0.0,0.0,0.0,0.0,0.0,0.0,0.0,0.0,0.0,0.0,0.0,0.0,0.0,0.0,0.0,0.0,0.0,0.0,0.0,0.0,0.0,0.0,0.0,0.0,0.0,0.0,0.0,0.0,0.0,0.0,0.0,0.0,0.0,0.0,0.0,0.0,0.0,0.0,0.0,0.0,0.0,0.0,0.0,0.0,0.0,0.0,0.0,0.0,0.0,0.0,0.0,0.0,0.0,0.0,0.0,0.0,0.0,0.0,0.0,0.0,0.0,0.0,0.0,0.0,0.0,0.0,0.0,0.0,0.0,0.0,0.0,0.0,0.0,0.0,0.0,0.0,0.0,0.0,0.0,0.0,0.0,0.0,0.0,0.0,0.0,0.0,0.0,0.0,0.0,0.0,0.0,0.0,0.0,0.0,0.0,0.0,0.0,0.0,0.0,0.0,0.0,0.0,0.0,0.0,0.0,0.0,0.0,0.0,0.0,0.0,0.0,0.0,0.0,0.0,0.0,0.0,0.0,0.0,0.0,0.0,0.0,0.0,0.0,0.0,0.0,0.0,0.0,0.0,0.0,0.0,0.0,0.0,0.0,0.0,0.0,0.0,0.0,0.0,0.0,0.0,0.0,0.0,0.0,0.0,0.0,0.0,0.0,0.0,0.0,0.0,0.0,0.0,0.0,0.0,0.0,0.0,0.0,0.0,0.0,0.0,0.0,0.0,0.0,0.0,0.0,0.0,0.0,0.0,0.0,0.0,0.0,0.0,0.0,0.0,1.412,14277.0,0.738470959
10,60,153158.8792,22233.20855,0.181794846,0.4168,2300000000000.0,375000771.3,346986552.3,880671309.7,4.287787041,235.3450352,154.847008,124353.3383,20262.20074,0.17994116,0.4616,2290000000000.0,360253234.1,339740357.9,614297499.3,3.803325124,229.1601835,137.1078911,132645.7286,20346.63877,0.176809058,0.5236,2260000000000.0,368547357.5,347019710.0,622205809.2,3.642972243,237.7521989,143.2418044,176160.6415,22630.63016,0.172137933,0.58,2220000000000.0,385186050.4,376192229.3,826784862.0,3.312149338,240.2482419,147.8598206,204397.4789,24271.741,0.166962772,0.6268,2170000000000.0,385542651.8,384380459.5,890314858.9,2.729392304,248.6945938,155.4295807,224661.2577,25622.52007,0.163022919,0.6768,2140000000000.0,382206884.1,380342012.3,888542029.6,2.119592964,256.9676548,156.4149202,181496.8579,21618.63219,0.160360778,0.7224,2120000000000.0,363966637.1,343611779.5,618297173.4,1.917782026,251.7204568,154.7110945,240173.6507,27372.81116,0.158994606,0.7708,2100000000000.0,376148728.8,351526188.6,866803672.4,1.781200861,235.2569367,148.5426027,193546.327,23083.09589,0.159070285,0.8152,2110000000000.0,368960462.8,350458696.1,616409550.7,1.802320654,237.7171627,145.7659275,194999.6519,23414.65018,0.159115533,0.8584,2110000000000.0,360004075.3,346781093.8,632437635.3,1.59095896,251.147106,151.1506931,0.0,0.0,0.0,0.0,0.0,0.0,0.0,0.0,0.0,0.0,0.0,0.0,0.0,0.0,0.0,0.0,0.0,0.0,0.0,0.0,0.0,0.0,0.0,0.0,0.0,0.0,0.0,0.0,0.0,0.0,0.0,0.0,0.0,0.0,0.0,0.0,0.0,0.0,0.0,0.0,0.0,0.0,0.0,0.0,0.0,0.0,0.0,0.0,0.0,0.0,0.0,0.0,0.0,0.0,0.0,0.0,0.0,0.0,0.0,0.0,0.0,0.0,0.0,0.0,0.0,0.0,0.0,0.0,0.0,0.0,0.0,0.0,0.0,0.0,0.0,0.0,0.0,0.0,0.0,0.0,0.0,0.0,0.0,0.0,0.0,0.0,0.0,0.0,0.0,0.0,0.0,0.0,0.0,0.0,0.0,0.0,0.0,0.0,0.0,0.0,0.0,0.0,0.0,0.0,0.0,0.0,0.0,0.0,0.0,0.0,0.0,0.0,0.0,0.0,0.0,0.0,0.0,0.0,0.0,0.0,0.0,0.0,0.0,0.0,0.0,0.0,0.0,0.0,0.0,0.0,0.0,0.0,0.0,0.0,0.0,0.0,0.0,0.0,0.0,0.0,0.0,0.0,0.0,0.0,0.0,0.0,0.0,0.0,0.0,0.0,0.0,0.0,0.0,0.0,0.0,0.0,0.0,0.0,0.0,0.0,0.0,0.0,0.0,0.0,0.0,0.0,0.0,0.0,0.0,0.0,0.0,0.0,0.0,0.0,0.0,0.0,0.0,0.0,0.0,0.0,0.0,0.0,0.0,0.0,0.0,0.0,0.0,0.0,0.0,0.0,0.0,0.0,0.0,0.0,0.0,0.0,0.0,0.0,0.0,0.0,0.0,0.0,0.0,0.0,0.0,0.0,0.0,0.0,0.0,0.0,0.0,0.0,0.0,0.0,0.0,0.0,0.0,0.0,0.0,0.0,1.346,22945.0,0.740628357
10,70,144918.4304,22089.74356,0.184799027,0.4244,2330000000000.0,383034956.6,341969545.1,873002916.6,4.792838519,245.0625133,158.7157043,118104.6118,20345.24833,0.182724285,0.4524,2310000000000.0,358794107.5,338238027.3,602842363.3,4.178514987,233.5709198,138.56029,124426.6654,20361.45702,0.179655623,0.512,2280000000000.0,362997552.4,336686755.0,614003803.3,3.532082139,264.9130619,163.3478646,170079.6417,22572.53021,0.175424374,0.5744,2240000000000.0,381264703.4,346865841.9,884404798.3,3.48893514,245.4835979,148.5393207,194421.5583,23641.54533,0.168763639,0.6208,2190000000000.0,388649569.8,357993488.0,907616045.1,2.378426305,241.6118279,156.9794758,167626.1579,20664.7163,0.163877105,0.6632,2150000000000.0,364283629.6,342251386.7,614147535.6,1.744726738,245.8780352,153.7044163,234957.7302,26426.56381,0.160436068,0.7088,2120000000000.0,384792823.1,353517761.8,897786113.9,1.589130022,263.6390499,159.2381912,190101.1952,22210.65371,0.159521682,0.7556,2120000000000.0,356865473.6,339993563.6,608628031.7,1.510220239,245.654629,153.1357562,254312.5761,28967.99723,0.158257898,0.802,2100000000000.0,385548118.1,392242584.9,869561036.4,1.645655567,230.5242652,146.7130672,193153.8603,23043.40829,0.159623978,0.8472,2120000000000.0,372105495.6,346093167.5,621285008.8,1.512422935,239.4406767,144.4068282,0.0,0.0,0.0,0.0,0.0,0.0,0.0,0.0,0.0,0.0,0.0,0.0,0.0,0.0,0.0,0.0,0.0,0.0,0.0,0.0,0.0,0.0,0.0,0.0,0.0,0.0,0.0,0.0,0.0,0.0,0.0,0.0,0.0,0.0,0.0,0.0,0.0,0.0,0.0,0.0,0.0,0.0,0.0,0.0,0.0,0.0,0.0,0.0,0.0,0.0,0.0,0.0,0.0,0.0,0.0,0.0,0.0,0.0,0.0,0.0,0.0,0.0,0.0,0.0,0.0,0.0,0.0,0.0,0.0,0.0,0.0,0.0,0.0,0.0,0.0,0.0,0.0,0.0,0.0,0.0,0.0,0.0,0.0,0.0,0.0,0.0,0.0,0.0,0.0,0.0,0.0,0.0,0.0,0.0,0.0,0.0,0.0,0.0,0.0,0.0,0.0,0.0,0.0,0.0,0.0,0.0,0.0,0.0,0.0,0.0,0.0,0.0,0.0,0.0,0.0,0.0,0.0,0.0,0.0,0.0,0.0,0.0,0.0,0.0,0.0,0.0,0.0,0.0,0.0,0.0,0.0,0.0,0.0,0.0,0.0,0.0,0.0,0.0,0.0,0.0,0.0,0.0,0.0,0.0,0.0,0.0,0.0,0.0,0.0,0.0,0.0,0.0,0.0,0.0,0.0,0.0,0.0,0.0,0.0,0.0,0.0,0.0,0.0,0.0,0.0,0.0,0.0,0.0,0.0,0.0,0.0,0.0,0.0,0.0,0.0,0.0,0.0,0.0,0.0,0.0,0.0,0.0,0.0,0.0,0.0,0.0,0.0,0.0,0.0,0.0,0.0,0.0,0.0,0.0,0.0,0.0,0.0,0.0,0.0,0.0,0.0,0.0,0.0,0.0,0.0,0.0,0.0,0.0,0.0,0.0,0.0,0.0,0.0,0.0,0.0,0.0,0.0,0.0,0.0,0.0,1.333,26509.0,0.736627362
10,80,146487.4904,22210.26168,0.184000789,0.4,2320000000000.0,380846798.4,378384660.2,808698044.7,4.082542304,236.4974032,152.9221028,120250.0893,20538.26123,0.182466014,0.448,2320000000000.0,362812475.3,337687210.9,607715443.6,3.76108264,224.6288588,140.9166448,125408.593,20380.4093,0.17794557,0.5124,2270000000000.0,354567268.6,332032357.7,598625313.0,3.167245125,262.6920466,158.0451612,138028.8757,20462.94611,0.172657284,0.5756,2220000000000.0,367983640.6,330481395.4,608254674.8,2.962016576,432.1073851,236.3896099,155560.3697,20428.43879,0.167055345,0.6088,2180000000000.0,368452346.2,332786756.8,614582475.4,2.25502143,257.8510382,156.6084352,221083.086,25258.00674,0.161328328,0.646,2120000000000.0,386329686.7,347308502.3,860816940.8,1.555606596,257.6623865,160.5642217,231906.1957,26439.03345,0.158749965,0.6972,2100000000000.0,385706875.1,352417293.3,867889585.5,1.315955232,244.6036814,156.8155212,191937.299,22937.98403,0.158834182,0.7404,2100000000000.0,364118289.2,342415656.5,620652873.5,1.394835337,251.9699038,153.6504934,192122.7574,23163.10884,0.158673216,0.7888,2100000000000.0,364966117.1,346116188.1,620249690.3,1.544474071,257.2015298,154.0712657,191190.6975,23119.16206,0.16023708,0.8392,2120000000000.0,365105952.7,344724541.3,618148599.9,1.364525495,233.8793784,143.7041599,0.0,0.0,0.0,0.0,0.0,0.0,0.0,0.0,0.0,0.0,0.0,0.0,0.0,0.0,0.0,0.0,0.0,0.0,0.0,0.0,0.0,0.0,0.0,0.0,0.0,0.0,0.0,0.0,0.0,0.0,0.0,0.0,0.0,0.0,0.0,0.0,0.0,0.0,0.0,0.0,0.0,0.0,0.0,0.0,0.0,0.0,0.0,0.0,0.0,0.0,0.0,0.0,0.0,0.0,0.0,0.0,0.0,0.0,0.0,0.0,0.0,0.0,0.0,0.0,0.0,0.0,0.0,0.0,0.0,0.0,0.0,0.0,0.0,0.0,0.0,0.0,0.0,0.0,0.0,0.0,0.0,0.0,0.0,0.0,0.0,0.0,0.0,0.0,0.0,0.0,0.0,0.0,0.0,0.0,0.0,0.0,0.0,0.0,0.0,0.0,0.0,0.0,0.0,0.0,0.0,0.0,0.0,0.0,0.0,0.0,0.0,0.0,0.0,0.0,0.0,0.0,0.0,0.0,0.0,0.0,0.0,0.0,0.0,0.0,0.0,0.0,0.0,0.0,0.0,0.0,0.0,0.0,0.0,0.0,0.0,0.0,0.0,0.0,0.0,0.0,0.0,0.0,0.0,0.0,0.0,0.0,0.0,0.0,0.0,0.0,0.0,0.0,0.0,0.0,0.0,0.0,0.0,0.0,0.0,0.0,0.0,0.0,0.0,0.0,0.0,0.0,0.0,0.0,0.0,0.0,0.0,0.0,0.0,0.0,0.0,0.0,0.0,0.0,0.0,0.0,0.0,0.0,0.0,0.0,0.0,0.0,0.0,0.0,0.0,0.0,0.0,0.0,0.0,0.0,0.0,0.0,0.0,0.0,0.0,0.0,0.0,0.0,0.0,0.0,0.0,0.0,0.0,0.0,0.0,0.0,0.0,0.0,0.0,0.0,0.0,0.0,0.0,0.0,0.0,0.0,1.294,27403.0,0.744775489
10,90,117035.1157,20480.99433,0.184897737,0.3848,2330000000000.0,370054492.7,337945946.0,607899299.1,3.993492672,246.318965,158.4906597,120452.2475,20520.71513,0.182588738,0.434,2310000000000.0,364391014.3,336515527.0,622548626.0,3.864047148,253.9760313,142.3713146,128578.9848,20464.9665,0.176894697,0.4812,2260000000000.0,358478859.2,340041737.0,613485844.6,3.0796527,260.4647354,152.415216,137251.5416,20243.74113,0.173743193,0.5532,2230000000000.0,362401967.1,332139967.6,614679474.4,3.187243765,590.6954725,318.9767075,188204.8406,22928.32249,0.166626847,0.596,2160000000000.0,389923195.4,385111047.3,793531462.9,2.388985909,241.6801717,156.2954089,214206.3669,24551.50398,0.162063861,0.636,2130000000000.0,394385994.7,381381321.1,811150868.3,1.99596843,262.9784331,157.9115551,229379.8148,25808.26906,0.159426874,0.6848,2100000000000.0,387283532.6,380976418.6,790332943.3,1.959111704,240.5928643,151.8055833,189964.7437,22359.88781,0.158968418,0.7236,2110000000000.0,358270264.4,342415065.8,606508231.9,1.903274972,246.0236847,147.7014739,240877.8492,27488.31917,0.158257266,0.7792,2100000000000.0,376495049.0,346454039.9,852587747.5,1.844976628,248.1174505,153.9678475,253723.9052,29105.11208,0.159276887,0.8276,2100000000000.0,374551443.6,357079380.4,925515685.3,1.754038326,255.0509616,154.5580437,0.0,0.0,0.0,0.0,0.0,0.0,0.0,0.0,0.0,0.0,0.0,0.0,0.0,0.0,0.0,0.0,0.0,0.0,0.0,0.0,0.0,0.0,0.0,0.0,0.0,0.0,0.0,0.0,0.0,0.0,0.0,0.0,0.0,0.0,0.0,0.0,0.0,0.0,0.0,0.0,0.0,0.0,0.0,0.0,0.0,0.0,0.0,0.0,0.0,0.0,0.0,0.0,0.0,0.0,0.0,0.0,0.0,0.0,0.0,0.0,0.0,0.0,0.0,0.0,0.0,0.0,0.0,0.0,0.0,0.0,0.0,0.0,0.0,0.0,0.0,0.0,0.0,0.0,0.0,0.0,0.0,0.0,0.0,0.0,0.0,0.0,0.0,0.0,0.0,0.0,0.0,0.0,0.0,0.0,0.0,0.0,0.0,0.0,0.0,0.0,0.0,0.0,0.0,0.0,0.0,0.0,0.0,0.0,0.0,0.0,0.0,0.0,0.0,0.0,0.0,0.0,0.0,0.0,0.0,0.0,0.0,0.0,0.0,0.0,0.0,0.0,0.0,0.0,0.0,0.0,0.0,0.0,0.0,0.0,0.0,0.0,0.0,0.0,0.0,0.0,0.0,0.0,0.0,0.0,0.0,0.0,0.0,0.0,0.0,0.0,0.0,0.0,0.0,0.0,0.0,0.0,0.0,0.0,0.0,0.0,0.0,0.0,0.0,0.0,0.0,0.0,0.0,0.0,0.0,0.0,0.0,0.0,0.0,0.0,0.0,0.0,0.0,0.0,0.0,0.0,0.0,0.0,0.0,0.0,0.0,0.0,0.0,0.0,0.0,0.0,0.0,0.0,0.0,0.0,0.0,0.0,0.0,0.0,0.0,0.0,0.0,0.0,0.0,0.0,0.0,0.0,0.0,0.0,0.0,0.0,0.0,0.0,0.0,0.0,0.0,0.0,0.0,0.0,0.0,0.0,1.298,32604.0,0.741883345
10,100,114774.6128,20485.93684,0.183757337,0.3984,2350000000000.0,368392163.7,336765111.5,609067015.3,4.574323786,234.2251529,151.6689478,116267.353,20389.76203,0.18268239,0.442,2340000000000.0,357799011.3,336488389.7,608178621.1,4.181476948,236.775432,140.4297662,130244.6505,20385.81647,0.182941994,0.478,2270000000000.0,372225595.1,335956274.1,622760622.8,2.935797758,254.2901022,156.0985514,153182.3109,20559.95463,0.182566513,0.492,2180000000000.0,357383980.0,338028123.7,616802858.4,1.977770735,269.5559054,167.8434162,161651.4314,20492.27381,0.181946492,0.5692,2160000000000.0,358934352.3,339722739.6,614640426.5,1.801608556,547.1643231,275.1936096,180805.0493,21529.54377,0.182093781,0.606,2130000000000.0,359825945.4,341017811.0,610367838.4,1.647355569,252.3372853,154.2923877,185582.0816,22016.92575,0.181976125,0.6568,2130000000000.0,365203869.1,335625937.6,602219750.4,1.753788926,238.1901732,150.1104855,239584.022,27394.78021,0.182177688,0.7044,2110000000000.0,383696302.0,351805725.7,860956734.3,1.850921475,234.4203606,146.5027576,238327.4759,27329.52835,0.180927985,0.7548,2110000000000.0,380357660.0,341767807.4,854678141.9,1.72014936,246.4251366,145.1300736,238315.8125,27406.3622,0.181584465,0.808,2110000000000.0,386773705.6,381966001.1,815342685.2,1.635331674,245.744938,152.4507468,0.0,0.0,0.0,0.0,0.0,0.0,0.0,0.0,0.0,0.0,0.0,0.0,0.0,0.0,0.0,0.0,0.0,0.0,0.0,0.0,0.0,0.0,0.0,0.0,0.0,0.0,0.0,0.0,0.0,0.0,0.0,0.0,0.0,0.0,0.0,0.0,0.0,0.0,0.0,0.0,0.0,0.0,0.0,0.0,0.0,0.0,0.0,0.0,0.0,0.0,0.0,0.0,0.0,0.0,0.0,0.0,0.0,0.0,0.0,0.0,0.0,0.0,0.0,0.0,0.0,0.0,0.0,0.0,0.0,0.0,0.0,0.0,0.0,0.0,0.0,0.0,0.0,0.0,0.0,0.0,0.0,0.0,0.0,0.0,0.0,0.0,0.0,0.0,0.0,0.0,0.0,0.0,0.0,0.0,0.0,0.0,0.0,0.0,0.0,0.0,0.0,0.0,0.0,0.0,0.0,0.0,0.0,0.0,0.0,0.0,0.0,0.0,0.0,0.0,0.0,0.0,0.0,0.0,0.0,0.0,0.0,0.0,0.0,0.0,0.0,0.0,0.0,0.0,0.0,0.0,0.0,0.0,0.0,0.0,0.0,0.0,0.0,0.0,0.0,0.0,0.0,0.0,0.0,0.0,0.0,0.0,0.0,0.0,0.0,0.0,0.0,0.0,0.0,0.0,0.0,0.0,0.0,0.0,0.0,0.0,0.0,0.0,0.0,0.0,0.0,0.0,0.0,0.0,0.0,0.0,0.0,0.0,0.0,0.0,0.0,0.0,0.0,0.0,0.0,0.0,0.0,0.0,0.0,0.0,0.0,0.0,0.0,0.0,0.0,0.0,0.0,0.0,0.0,0.0,0.0,0.0,0.0,0.0,0.0,0.0,0.0,0.0,0.0,0.0,0.0,0.0,0.0,0.0,0.0,0.0,0.0,0.0,0.0,0.0,0.0,0.0,0.0,0.0,0.0,0.0,1.229,31686.0,0.751102924
15,10,125025.7685,20747.78269,0.179120041,0.414,2270000000000.0,364900214.6,339100333.3,613403303.1,3.665469647,252.8581815,154.3741166,158135.7791,22759.76999,0.177977686,0.4732,2260000000000.0,375025307.2,377489606.9,832021926.4,3.636889623,229.0000182,141.5952067,125343.3236,20716.28456,0.178579481,0.5416,2270000000000.0,364488029.0,333674333.8,616615749.5,4.104883889,219.0399201,130.5397513,124741.6782,20696.47111,0.178010228,0.6096,2260000000000.0,363146661.7,338164720.0,602941419.6,3.937493419,228.3528247,134.0034021,128749.2266,20708.48985,0.177341953,0.6736,2260000000000.0,370147544.3,336437238.9,619019875.4,3.83134157,221.7792893,133.9876736,159760.7023,22431.8858,0.176039534,0.74,2250000000000.0,378837863.1,343481881.0,825756622.9,4.121315858,231.907525,136.1515577,136533.329,20545.07071,0.173803296,0.8036,2220000000000.0,355277151.3,339805157.8,613771247.9,3.631671283,222.6263537,133.4305136,143268.8033,20591.53593,0.17080014,0.8668,2200000000000.0,358037689.6,349941271.1,607470555.5,3.243028089,223.3776922,137.1633636,147728.4396,20489.83937,0.168160571,0.9336,2180000000000.0,364580237.7,343970344.3,602534751.2,2.977856912,225.1160541,137.0624643,201384.5445,24238.41656,0.165836865,0.992,2170000000000.0,381986554.6,353428012.0,874651481.0,2.45762666,242.4533091,149.5225857,165597.4685,20776.18634,0.163250931,1.0488,2140000000000.0,367896938.5,341186885.0,597326786.9,2.091836312,255.8481378,149.9238157,214254.5305,24677.61625,0.160340612,1.1028,2110000000000.0,383313432.6,384311430.0,778831123.5,1.675768914,236.5066786,140.128137,238817.673,27069.11221,0.159420651,1.1576,2110000000000.0,390775344.5,393386323.9,859825573.7,1.540108293,238.9108012,146.1728554,242588.7304,27425.88362,0.158202993,1.2072,2100000000000.0,391886514.0,394091206.9,830450958.7,1.331000318,231.6387594,143.9648265,245499.7489,27753.239,0.157644048,1.2548,2090000000000.0,381425771.9,355624645.2,866628834.5,1.076742874,247.1748057,145.9217444,0.0,0.0,0.0,0.0,0.0,0.0,0.0,0.0,0.0,0.0,0.0,0.0,0.0,0.0,0.0,0.0,0.0,0.0,0.0,0.0,0.0,0.0,0.0,0.0,0.0,0.0,0.0,0.0,0.0,0.0,0.0,0.0,0.0,0.0,0.0,0.0,0.0,0.0,0.0,0.0,0.0,0.0,0.0,0.0,0.0,0.0,0.0,0.0,0.0,0.0,0.0,0.0,0.0,0.0,0.0,0.0,0.0,0.0,0.0,0.0,0.0,0.0,0.0,0.0,0.0,0.0,0.0,0.0,0.0,0.0,0.0,0.0,0.0,0.0,0.0,0.0,0.0,0.0,0.0,0.0,0.0,0.0,0.0,0.0,0.0,0.0,0.0,0.0,0.0,0.0,0.0,0.0,0.0,0.0,0.0,0.0,0.0,0.0,0.0,0.0,0.0,0.0,0.0,0.0,0.0,0.0,0.0,0.0,0.0,0.0,0.0,0.0,0.0,0.0,0.0,0.0,0.0,0.0,0.0,0.0,0.0,0.0,0.0,0.0,0.0,0.0,0.0,0.0,0.0,0.0,0.0,0.0,0.0,0.0,0.0,0.0,0.0,0.0,0.0,0.0,0.0,0.0,0.0,0.0,0.0,0.0,0.0,0.0,0.0,0.0,0.0,0.0,0.0,0.0,0.0,0.0,0.0,0.0,0.0,0.0,0.0,0.0,0.0,0.0,0.0,1.866,1597.1,0.678970622
15,20,143230.9799,21324.6619,0.170431422,0.4212,2210000000000.0,361944460.9,325198572.9,591211269.5,3.022690384,257.7083459,151.2670856,143193.8079,21349.92113,0.170045568,0.474,2210000000000.0,360672425.3,314999652.3,598436554.9,3.471399258,234.6206455,140.6277077,148927.2141,21722.54499,0.170007961,0.5392,2210000000000.0,372718088.0,320773860.7,624053498.0,3.621418123,221.2729199,135.1161126,191302.6664,24376.44589,0.168483363,0.6048,2200000000000.0,384652935.7,321463609.3,852022523.4,3.318229887,237.7239096,145.9084021,204348.8685,25021.10303,0.165650768,0.668,2160000000000.0,378874960.1,365125127.0,860048213.6,3.195692838,239.9951662,146.8349572,218590.3634,25787.9098,0.164379447,0.7224,2160000000000.0,388212624.4,361877579.9,855154260.9,2.516903848,239.5272447,148.4502315,177260.7899,21782.20642,0.161968327,0.7736,2150000000000.0,366102076.6,325374336.8,611199251.6,2.28314869,248.3989273,148.0413273,183195.1416,21865.22512,0.159737559,0.8368,2120000000000.0,358389399.5,325025806.4,604081539.2,1.98627622,274.8054954,157.5864624,190037.4606,22244.23662,0.159071287,0.8884,2130000000000.0,359526263.8,323060333.9,617933849.7,1.654201868,245.8625632,146.3554046,261711.8176,29159.42527,0.157780666,0.9404,2100000000000.0,381982571.6,363478181.0,882861521.2,1.236203512,251.2450492,154.1048891,197719.297,23034.70329,0.157591363,0.9884,2100000000000.0,375912190.1,333170680.3,611246779.1,1.353378681,234.6563503,143.5043046,197547.179,23066.52485,0.157558431,1.0392,2110000000000.0,366891301.1,329203662.1,613740524.7,1.217257362,242.3219093,147.6746574,254100.386,28594.92285,0.157279453,1.0884,2100000000000.0,376477454.7,331073548.2,866859248.9,1.16908096,234.5431885,144.1810535,198637.6223,23051.71423,0.157666474,1.1336,2100000000000.0,378163530.2,323233450.2,612281140.4,1.073615394,234.0037482,141.8207939,197065.4726,22830.50014,0.157924165,1.1868,2100000000000.0,362565088.0,325994049.4,605746521.0,1.120833626,238.7050336,143.1974236,0.0,0.0,0.0,0.0,0.0,0.0,0.0,0.0,0.0,0.0,0.0,0.0,0.0,0.0,0.0,0.0,0.0,0.0,0.0,0.0,0.0,0.0,0.0,0.0,0.0,0.0,0.0,0.0,0.0,0.0,0.0,0.0,0.0,0.0,0.0,0.0,0.0,0.0,0.0,0.0,0.0,0.0,0.0,0.0,0.0,0.0,0.0,0.0,0.0,0.0,0.0,0.0,0.0,0.0,0.0,0.0,0.0,0.0,0.0,0.0,0.0,0.0,0.0,0.0,0.0,0.0,0.0,0.0,0.0,0.0,0.0,0.0,0.0,0.0,0.0,0.0,0.0,0.0,0.0,0.0,0.0,0.0,0.0,0.0,0.0,0.0,0.0,0.0,0.0,0.0,0.0,0.0,0.0,0.0,0.0,0.0,0.0,0.0,0.0,0.0,0.0,0.0,0.0,0.0,0.0,0.0,0.0,0.0,0.0,0.0,0.0,0.0,0.0,0.0,0.0,0.0,0.0,0.0,0.0,0.0,0.0,0.0,0.0,0.0,0.0,0.0,0.0,0.0,0.0,0.0,0.0,0.0,0.0,0.0,0.0,0.0,0.0,0.0,0.0,0.0,0.0,0.0,0.0,0.0,0.0,0.0,0.0,0.0,0.0,0.0,0.0,0.0,0.0,0.0,0.0,0.0,0.0,0.0,0.0,0.0,0.0,0.0,0.0,0.0,0.0,1.847,7814.4,0.695829251
15,30,192994.6217,24953.428,0.169442948,0.4344,2200000000000.0,375092734.8,372098222.1,851589647.5,3.075445314,236.6608358,151.6395661,148195.0786,21622.38012,0.169178666,0.486,2200000000000.0,365296391.9,321131963.5,609933686.2,3.33943578,231.1504057,138.9899364,150820.1393,21575.90261,0.167974083,0.5492,2190000000000.0,378917475.2,325101115.9,605328119.6,3.709705532,242.3717593,146.3096479,206723.599,25425.71778,0.165351394,0.6108,2160000000000.0,388272972.5,376263239.5,856295524.5,3.075220296,245.9410475,147.4332226,167046.5547,21544.31179,0.163976532,0.6692,2160000000000.0,371759996.6,325886519.5,611101226.9,2.788603575,266.4804146,151.6804663,231972.964,26635.65565,0.161612967,0.7248,2130000000000.0,379366437.7,364824320.5,863988922.0,2.319510674,253.476579,150.5021874,246818.401,27822.97231,0.160124659,0.7792,2120000000000.0,384354387.4,332622291.7,919420144.4,1.971915964,258.4144577,150.0378811,259550.8212,28824.48488,0.159224577,0.8288,2120000000000.0,381521635.2,360887924.1,886682740.1,1.696697873,240.025722,149.8025102,267928.8459,29638.84675,0.158632504,0.8772,2120000000000.0,383340467.4,358685568.4,883621310.2,1.652170613,246.8180262,151.0191257,200176.5301,23077.77673,0.158481379,0.9308,2120000000000.0,381471752.7,326961926.3,620350887.0,1.663718365,237.0884431,140.063031,201408.1492,23212.7707,0.157935242,0.9736,2100000000000.0,370971665.1,333659139.9,621949303.2,1.684888232,245.8767741,150.6078908,201808.8756,23222.0247,0.158642777,1.0228,2110000000000.0,365978322.6,330142184.0,614164809.5,1.520509531,235.0010315,141.878924,199886.083,22923.5893,0.158432529,1.066,2120000000000.0,380619872.7,329774065.4,620156423.1,1.495945626,242.0669097,146.5265471,203103.3407,23104.22777,0.158485419,1.1156,2110000000000.0,373403833.1,330835981.3,626483804.8,1.277224761,245.4254672,149.359068,205823.1067,23346.86953,0.158261695,1.162,2110000000000.0,369553357.7,335064842.2,629195456.5,1.288902055,238.0195566,141.1013922,0.0,0.0,0.0,0.0,0.0,0.0,0.0,0.0,0.0,0.0,0.0,0.0,0.0,0.0,0.0,0.0,0.0,0.0,0.0,0.0,0.0,0.0,0.0,0.0,0.0,0.0,0.0,0.0,0.0,0.0,0.0,0.0,0.0,0.0,0.0,0.0,0.0,0.0,0.0,0.0,0.0,0.0,0.0,0.0,0.0,0.0,0.0,0.0,0.0,0.0,0.0,0.0,0.0,0.0,0.0,0.0,0.0,0.0,0.0,0.0,0.0,0.0,0.0,0.0,0.0,0.0,0.0,0.0,0.0,0.0,0.0,0.0,0.0,0.0,0.0,0.0,0.0,0.0,0.0,0.0,0.0,0.0,0.0,0.0,0.0,0.0,0.0,0.0,0.0,0.0,0.0,0.0,0.0,0.0,0.0,0.0,0.0,0.0,0.0,0.0,0.0,0.0,0.0,0.0,0.0,0.0,0.0,0.0,0.0,0.0,0.0,0.0,0.0,0.0,0.0,0.0,0.0,0.0,0.0,0.0,0.0,0.0,0.0,0.0,0.0,0.0,0.0,0.0,0.0,0.0,0.0,0.0,0.0,0.0,0.0,0.0,0.0,0.0,0.0,0.0,0.0,0.0,0.0,0.0,0.0,0.0,0.0,0.0,0.0,0.0,0.0,0.0,0.0,0.0,0.0,0.0,0.0,0.0,0.0,0.0,0.0,0.0,0.0,0.0,0.0,1.896,15952.0,0.691135935
15,40,148816.0486,21624.2197,0.169664339,0.4332,2210000000000.0,370823093.0,323577463.9,610135911.5,3.007397127,231.1977408,152.8283645,192511.4502,24691.46414,0.16860088,0.4856,2200000000000.0,383236134.0,363205783.6,838993678.4,3.310300661,228.6667929,135.7551629,202341.7912,25216.07091,0.166363876,0.5472,2170000000000.0,371295489.6,358227990.6,835688205.9,3.283026602,245.1041519,146.6750315,215384.5861,25752.45422,0.164158255,0.5972,2160000000000.0,384637333.8,366541194.9,830614038.3,2.638411321,244.781971,147.1328665,236553.3407,27067.03307,0.160919569,0.6248,2130000000000.0,384203008.4,332046291.8,881693527.2,2.118330411,249.4048984,149.0660353,184971.1826,21954.79282,0.160018513,0.7108,2130000000000.0,365168788.8,326896584.6,601829233.5,2.030095639,371.9539422,200.9080419,248768.3891,27768.586,0.158179394,0.7596,2110000000000.0,385445922.6,338679886.2,883448849.8,1.558096795,248.7831052,152.6069786,195268.2244,22504.64182,0.158118815,0.8072,2110000000000.0,371321851.2,329503707.5,605079698.0,1.501467023,241.4809648,148.8734397,197388.6942,22724.78038,0.157988204,0.8572,2110000000000.0,369561486.1,330914425.5,598418890.2,1.50188552,248.8058114,149.2176537,265378.3224,29636.8049,0.158151822,0.9092,2110000000000.0,386014867.8,331651421.6,910785033.6,1.560254581,237.1689896,145.3820525,269699.869,30046.11065,0.157553229,0.958,2090000000000.0,376643429.5,377002875.9,886885528.9,1.578137152,255.8176167,148.0919288,264113.0452,29315.25197,0.158644455,1.0,2120000000000.0,388304467.7,334750918.6,907338526.3,1.742005112,245.7815996,144.6180678,265715.6616,29325.80191,0.158266232,1.0468,2110000000000.0,384393808.6,329768617.0,898692754.1,1.560367286,241.3675232,147.4472125,272490.2578,30036.35952,0.158491561,1.0868,2110000000000.0,386514745.0,374633507.4,899408846.7,1.316232906,254.1191143,150.4757975,267175.9123,29456.58072,0.157324839,1.1364,2080000000000.0,385537348.8,339326181.3,908033635.9,1.149833374,239.4110658,150.7898181,0.0,0.0,0.0,0.0,0.0,0.0,0.0,0.0,0.0,0.0,0.0,0.0,0.0,0.0,0.0,0.0,0.0,0.0,0.0,0.0,0.0,0.0,0.0,0.0,0.0,0.0,0.0,0.0,0.0,0.0,0.0,0.0,0.0,0.0,0.0,0.0,0.0,0.0,0.0,0.0,0.0,0.0,0.0,0.0,0.0,0.0,0.0,0.0,0.0,0.0,0.0,0.0,0.0,0.0,0.0,0.0,0.0,0.0,0.0,0.0,0.0,0.0,0.0,0.0,0.0,0.0,0.0,0.0,0.0,0.0,0.0,0.0,0.0,0.0,0.0,0.0,0.0,0.0,0.0,0.0,0.0,0.0,0.0,0.0,0.0,0.0,0.0,0.0,0.0,0.0,0.0,0.0,0.0,0.0,0.0,0.0,0.0,0.0,0.0,0.0,0.0,0.0,0.0,0.0,0.0,0.0,0.0,0.0,0.0,0.0,0.0,0.0,0.0,0.0,0.0,0.0,0.0,0.0,0.0,0.0,0.0,0.0,0.0,0.0,0.0,0.0,0.0,0.0,0.0,0.0,0.0,0.0,0.0,0.0,0.0,0.0,0.0,0.0,0.0,0.0,0.0,0.0,0.0,0.0,0.0,0.0,0.0,0.0,0.0,0.0,0.0,0.0,0.0,0.0,0.0,0.0,0.0,0.0,0.0,0.0,0.0,0.0,0.0,0.0,0.0,1.942,23130.0,0.718253065
15,50,193649.5294,24830.70908,0.168486253,0.456,2190000000000.0,377109772.6,324186298.2,869382644.2,3.485803776,236.7773226,152.6639416,192060.2199,24724.84743,0.168174458,0.4932,2190000000000.0,373497745.6,322707715.3,861142236.7,3.59031134,242.8546846,144.4742377,205402.8754,25610.79108,0.166967702,0.5536,2180000000000.0,379400062.4,365263099.5,863655113.5,3.513867232,231.8384806,140.2770307,215720.7976,25941.19447,0.164339579,0.6092,2160000000000.0,383318641.8,331219661.5,902121782.3,2.9337711,249.0890314,148.4339983,174882.583,21813.00594,0.162281867,0.6496,2150000000000.0,372671305.2,320366883.6,607539742.9,2.530698329,249.677851,142.8902724,182736.571,21854.47177,0.160355571,0.7184,2130000000000.0,369949500.4,327322286.2,611101962.5,2.37034975,388.9579234,213.6209819,190486.2186,22096.99871,0.159488461,0.7712,2120000000000.0,362312755.3,327781699.3,611089485.8,1.762931772,240.1407087,145.2015121,255678.3831,28388.70215,0.157981553,0.816,2100000000000.0,389276067.1,372589340.0,827443142.7,1.626120573,248.1205423,153.18207,263736.6738,29280.20894,0.157557202,0.8628,2100000000000.0,396415561.5,338466370.2,916233450.7,1.382386069,245.2347921,148.8199661,262759.3528,29174.15546,0.157139901,0.9108,2090000000000.0,380011193.8,332543151.2,890986850.0,1.700990791,255.0831215,148.0501129,201647.159,23026.19466,0.158202718,0.9548,2110000000000.0,367276687.0,328784365.4,620504919.3,1.539582221,245.9382849,149.7314811,259961.348,28855.7255,0.157639364,1.0004,2100000000000.0,391983455.6,381762711.4,844159465.2,1.783908272,254.4224526,151.4892315,258624.4594,28470.48939,0.157931969,1.0436,2100000000000.0,389696430.5,369820042.9,821565664.7,1.572153897,251.9810183,153.2486137,200723.0332,22618.36158,0.158215643,1.0888,2110000000000.0,367004303.4,329662834.1,616469073.3,1.415592938,248.4015009,146.2628133,201993.4547,22701.09572,0.157893599,1.134,2100000000000.0,369577692.1,333448667.9,603841392.2,1.396503708,230.313523,141.1383953,0.0,0.0,0.0,0.0,0.0,0.0,0.0,0.0,0.0,0.0,0.0,0.0,0.0,0.0,0.0,0.0,0.0,0.0,0.0,0.0,0.0,0.0,0.0,0.0,0.0,0.0,0.0,0.0,0.0,0.0,0.0,0.0,0.0,0.0,0.0,0.0,0.0,0.0,0.0,0.0,0.0,0.0,0.0,0.0,0.0,0.0,0.0,0.0,0.0,0.0,0.0,0.0,0.0,0.0,0.0,0.0,0.0,0.0,0.0,0.0,0.0,0.0,0.0,0.0,0.0,0.0,0.0,0.0,0.0,0.0,0.0,0.0,0.0,0.0,0.0,0.0,0.0,0.0,0.0,0.0,0.0,0.0,0.0,0.0,0.0,0.0,0.0,0.0,0.0,0.0,0.0,0.0,0.0,0.0,0.0,0.0,0.0,0.0,0.0,0.0,0.0,0.0,0.0,0.0,0.0,0.0,0.0,0.0,0.0,0.0,0.0,0.0,0.0,0.0,0.0,0.0,0.0,0.0,0.0,0.0,0.0,0.0,0.0,0.0,0.0,0.0,0.0,0.0,0.0,0.0,0.0,0.0,0.0,0.0,0.0,0.0,0.0,0.0,0.0,0.0,0.0,0.0,0.0,0.0,0.0,0.0,0.0,0.0,0.0,0.0,0.0,0.0,0.0,0.0,0.0,0.0,0.0,0.0,0.0,0.0,0.0,0.0,0.0,0.0,0.0,1.9,28736.0,0.7128347
15,60,196679.3846,25156.88014,0.168256927,0.4212,2190000000000.0,384900342.9,367301730.5,841119746.9,3.053212185,409.6540792,235.2431799,194431.7144,24743.01584,0.167563138,0.478,2200000000000.0,391200078.2,370868001.9,808941326.9,3.251680128,253.2743254,145.5269155,210093.9225,25706.33115,0.165237639,0.5288,2170000000000.0,388023138.1,375653318.3,828616088.8,3.381806414,231.6205647,141.1863895,227087.7385,26597.57842,0.162268455,0.5604,2140000000000.0,390994207.2,338085522.1,875057691.0,2.715011103,262.6338844,149.3450263,185484.7203,22395.37942,0.161632173,0.6372,2150000000000.0,374133230.9,324295155.3,623724500.8,2.696212536,361.3921037,195.1748161,251461.6289,28128.46608,0.158934405,0.686,2110000000000.0,378229796.3,333953285.8,907746287.3,2.162733315,237.9479829,146.4865162,261722.0722,29086.2467,0.158998478,0.7332,2120000000000.0,383938037.9,375281213.9,883252236.7,1.929120744,252.1142012,155.9597025,255892.9596,28435.63535,0.158101065,0.7768,2110000000000.0,388486145.1,373186764.7,833633570.5,1.800899958,246.668723,147.6675648,264295.1581,29484.27044,0.158052485,0.8268,2100000000000.0,386757286.9,337492765.9,910618114.0,1.802765023,258.8165099,154.2939859,203538.7937,23221.71117,0.158383682,0.8784,2110000000000.0,375003587.6,330430930.2,630324228.0,1.774454512,238.4399936,145.5402006,263686.9554,29191.91701,0.158511473,0.9212,2110000000000.0,385823135.8,370788110.5,850151123.5,1.883680694,246.144144,147.4029707,201348.3393,22719.53758,0.158427734,0.968,2110000000000.0,376603353.9,330912138.6,614193742.7,1.700877613,238.6459471,144.8090843,272125.9965,29997.31909,0.158608332,1.0172,2110000000000.0,395110129.2,373267764.3,883067037.6,1.890815464,237.2427554,146.0171132,264286.5255,29136.69675,0.158003338,1.0576,2100000000000.0,386853751.4,387174905.8,851833536.7,1.889914569,233.6611736,145.0809064,208065.1779,23292.41254,0.158203393,1.0988,2110000000000.0,376501227.8,335485416.8,631092726.5,1.463198569,259.3869433,149.034465,0.0,0.0,0.0,0.0,0.0,0.0,0.0,0.0,0.0,0.0,0.0,0.0,0.0,0.0,0.0,0.0,0.0,0.0,0.0,0.0,0.0,0.0,0.0,0.0,0.0,0.0,0.0,0.0,0.0,0.0,0.0,0.0,0.0,0.0,0.0,0.0,0.0,0.0,0.0,0.0,0.0,0.0,0.0,0.0,0.0,0.0,0.0,0.0,0.0,0.0,0.0,0.0,0.0,0.0,0.0,0.0,0.0,0.0,0.0,0.0,0.0,0.0,0.0,0.0,0.0,0.0,0.0,0.0,0.0,0.0,0.0,0.0,0.0,0.0,0.0,0.0,0.0,0.0,0.0,0.0,0.0,0.0,0.0,0.0,0.0,0.0,0.0,0.0,0.0,0.0,0.0,0.0,0.0,0.0,0.0,0.0,0.0,0.0,0.0,0.0,0.0,0.0,0.0,0.0,0.0,0.0,0.0,0.0,0.0,0.0,0.0,0.0,0.0,0.0,0.0,0.0,0.0,0.0,0.0,0.0,0.0,0.0,0.0,0.0,0.0,0.0,0.0,0.0,0.0,0.0,0.0,0.0,0.0,0.0,0.0,0.0,0.0,0.0,0.0,0.0,0.0,0.0,0.0,0.0,0.0,0.0,0.0,0.0,0.0,0.0,0.0,0.0,0.0,0.0,0.0,0.0,0.0,0.0,0.0,0.0,0.0,0.0,0.0,0.0,0.0,1.879,42478.0,0.729857087
15,70,158101.0802,22407.81895,0.166895777,0.3964,2180000000000.0,359400565.8,322349066.9,609464993.7,3.145679505,238.8177708,146.9696867,211021.6818,26319.0642,0.16480722,0.4356,2160000000000.0,386005069.2,375105444.0,841515805.7,3.432786003,253.6329789,145.2241423,214397.8042,26037.23529,0.163329283,0.4784,2150000000000.0,380105271.0,375032952.2,821597095.8,3.604480265,251.218741,148.8023476,175466.7157,22099.70847,0.161757716,0.5152,2140000000000.0,362025181.2,330498532.6,610054490.0,3.448994653,302.3011332,175.4742373,238343.7038,27179.27261,0.159947076,0.566,2120000000000.0,388233586.0,382090279.6,822243775.4,2.917457501,243.6879008,143.5425881,195121.3211,22618.97151,0.159149759,0.6148,2120000000000.0,369734159.3,331306266.0,618403327.4,1.994423891,239.667395,149.9941106,262736.8131,29019.93469,0.157030852,0.658,2100000000000.0,382090222.5,376613941.4,863120277.1,1.538705995,234.176309,147.1151892,198386.851,22276.44478,0.156350268,0.7044,2090000000000.0,362279534.9,324494144.0,593062409.5,1.71353204,243.0099458,147.9681224,263279.1185,29128.8297,0.15701422,0.7528,2100000000000.0,381883481.7,386259384.9,833050588.2,1.524762319,249.3955534,149.3586333,263915.9748,29068.22621,0.157138223,0.7984,2100000000000.0,381175322.0,334817925.9,883213471.0,1.603312454,262.2504043,153.5249965,268621.5415,29516.18953,0.157123469,0.8496,2090000000000.0,391758240.1,330238879.4,909862176.6,1.590461286,238.3051378,150.7321111,206186.068,23209.99947,0.157494263,0.9,2110000000000.0,369750269.0,329866315.1,617710402.8,1.442029489,234.2137229,141.9111526,267339.9026,29504.81332,0.157218684,0.9496,2090000000000.0,392744324.1,343673300.0,896705867.4,1.612391861,247.0374901,156.9722269,208988.9863,23339.41994,0.157182218,0.9928,2100000000000.0,365009890.2,332239266.0,621659496.3,1.488277045,236.3773773,139.8136179,208104.3582,23133.81431,0.157273931,1.0192,2100000000000.0,380355718.1,330035825.9,628255960.3,1.765591895,238.3360295,143.1733781,0.0,0.0,0.0,0.0,0.0,0.0,0.0,0.0,0.0,0.0,0.0,0.0,0.0,0.0,0.0,0.0,0.0,0.0,0.0,0.0,0.0,0.0,0.0,0.0,0.0,0.0,0.0,0.0,0.0,0.0,0.0,0.0,0.0,0.0,0.0,0.0,0.0,0.0,0.0,0.0,0.0,0.0,0.0,0.0,0.0,0.0,0.0,0.0,0.0,0.0,0.0,0.0,0.0,0.0,0.0,0.0,0.0,0.0,0.0,0.0,0.0,0.0,0.0,0.0,0.0,0.0,0.0,0.0,0.0,0.0,0.0,0.0,0.0,0.0,0.0,0.0,0.0,0.0,0.0,0.0,0.0,0.0,0.0,0.0,0.0,0.0,0.0,0.0,0.0,0.0,0.0,0.0,0.0,0.0,0.0,0.0,0.0,0.0,0.0,0.0,0.0,0.0,0.0,0.0,0.0,0.0,0.0,0.0,0.0,0.0,0.0,0.0,0.0,0.0,0.0,0.0,0.0,0.0,0.0,0.0,0.0,0.0,0.0,0.0,0.0,0.0,0.0,0.0,0.0,0.0,0.0,0.0,0.0,0.0,0.0,0.0,0.0,0.0,0.0,0.0,0.0,0.0,0.0,0.0,0.0,0.0,0.0,0.0,0.0,0.0,0.0,0.0,0.0,0.0,0.0,0.0,0.0,0.0,0.0,0.0,0.0,0.0,0.0,0.0,0.0,1.78,44329.0,0.726888745
15,80,207846.2513,26046.35047,0.165144144,0.4928,2170000000000.0,378825156.1,335987917.8,878957545.8,4.184791531,415.7064107,229.201916,218860.5868,26367.96924,0.162950096,0.5716,2150000000000.0,380955391.2,337301072.6,882508272.0,3.379780194,232.44774,136.6723656,169710.8246,22056.63232,0.162684961,0.612,2150000000000.0,367276414.7,322010255.7,593119470.7,3.15550931,247.3322729,145.8357433,228806.3879,26879.3305,0.162022418,0.6696,2140000000000.0,392740144.1,367898547.6,848531729.4,2.765772456,238.0417562,143.3768053,223684.3163,25946.48287,0.161628011,0.7308,2150000000000.0,386283068.5,358194946.2,789255792.5,2.409799534,233.4112238,142.1426908,187110.3786,22309.50289,0.160263172,0.7776,2130000000000.0,370385765.8,329327503.8,613988912.6,1.754309476,249.1058485,149.1702168,248674.2675,27508.44804,0.158737174,0.8196,2120000000000.0,384785598.3,366827168.7,823426259.5,1.598332722,245.7806894,147.9909723,204181.3508,22994.08574,0.15795405,0.8548,2120000000000.0,361347470.0,321129873.2,621641446.3,0.959273107,234.3170133,146.9477511,273361.0691,29940.08511,0.157305791,0.8276,2110000000000.0,387438605.0,364927741.9,859667856.0,0.714207878,239.3497954,145.2152944,261384.958,28646.3617,0.156796632,0.9616,2090000000000.0,390921841.3,376147776.6,808312795.9,1.28696221,261.5267997,151.1972826,267027.7377,29420.02636,0.156996238,0.992,2090000000000.0,384655868.3,335074416.5,890110738.3,1.33258733,252.684382,149.8944332,265828.1148,29184.16076,0.1567462,1.0408,2100000000000.0,381815735.5,337142447.5,879364082.3,1.318189287,233.2645539,143.4734506,263393.9799,28996.32359,0.156926651,1.0708,2100000000000.0,395094117.7,382634063.0,808765532.8,1.31352442,243.4724715,151.9630915,203410.6894,22754.3337,0.157592436,1.1128,2110000000000.0,383539943.7,328188948.8,614299064.3,1.402292218,227.965726,139.8338959,273870.5305,30166.999,0.157578511,1.1624,2100000000000.0,395491665.1,337318196.5,918546382.4,0.993452973,248.7749757,148.2605573,0.0,0.0,0.0,0.0,0.0,0.0,0.0,0.0,0.0,0.0,0.0,0.0,0.0,0.0,0.0,0.0,0.0,0.0,0.0,0.0,0.0,0.0,0.0,0.0,0.0,0.0,0.0,0.0,0.0,0.0,0.0,0.0,0.0,0.0,0.0,0.0,0.0,0.0,0.0,0.0,0.0,0.0,0.0,0.0,0.0,0.0,0.0,0.0,0.0,0.0,0.0,0.0,0.0,0.0,0.0,0.0,0.0,0.0,0.0,0.0,0.0,0.0,0.0,0.0,0.0,0.0,0.0,0.0,0.0,0.0,0.0,0.0,0.0,0.0,0.0,0.0,0.0,0.0,0.0,0.0,0.0,0.0,0.0,0.0,0.0,0.0,0.0,0.0,0.0,0.0,0.0,0.0,0.0,0.0,0.0,0.0,0.0,0.0,0.0,0.0,0.0,0.0,0.0,0.0,0.0,0.0,0.0,0.0,0.0,0.0,0.0,0.0,0.0,0.0,0.0,0.0,0.0,0.0,0.0,0.0,0.0,0.0,0.0,0.0,0.0,0.0,0.0,0.0,0.0,0.0,0.0,0.0,0.0,0.0,0.0,0.0,0.0,0.0,0.0,0.0,0.0,0.0,0.0,0.0,0.0,0.0,0.0,0.0,0.0,0.0,0.0,0.0,0.0,0.0,0.0,0.0,0.0,0.0,0.0,0.0,0.0,0.0,0.0,0.0,0.0,1.96,53574.0,0.730464912
15,90,220945.9275,26517.10509,0.16212022,0.4944,2150000000000.0,390379998.8,383945155.2,816118659.5,3.554981596,239.4318952,155.4531436,219532.9099,26206.17525,0.162243843,0.5548,2150000000000.0,387212971.0,360616870.4,810726927.1,3.941998336,253.1898081,144.0515126,178509.0923,22525.18845,0.162261729,0.6224,2150000000000.0,362718345.6,324055217.2,613915819.5,3.391615639,240.2266996,139.9525285,225680.3936,26407.22703,0.161525742,0.6796,2140000000000.0,381915558.5,326895729.9,834292221.0,2.92475968,234.8686771,137.7339792,181180.1611,22195.05905,0.160969133,0.7336,2140000000000.0,370125297.9,333257870.1,605084227.0,2.592485342,253.0262853,142.9034478,188432.8635,22330.99011,0.160195537,0.7968,2130000000000.0,369259397.1,328372842.6,619492903.6,2.225988159,236.6954437,147.6728639,249060.7784,27589.3398,0.158782224,0.8544,2120000000000.0,379810752.5,324679614.8,856170614.7,1.327028445,241.4181405,145.1997882,251796.1798,27791.93164,0.157753264,1.1176,2110000000000.0,386505411.6,371680747.6,792373064.9,3.788753074,247.7322101,147.8818279,206309.3719,23258.64949,0.157515949,1.0536,2110000000000.0,376857774.3,328210259.4,624405995.4,0.846179579,226.3784958,139.9040131,263846.3889,29206.57473,0.157362214,1.1148,2100000000000.0,389274729.3,378515026.4,833327004.0,1.797431249,236.3577275,146.972163,265978.6433,29476.07543,0.157475331,1.1848,2110000000000.0,383821783.0,332594178.8,891641356.5,2.043793284,235.900304,141.6212793,259874.0355,28816.14278,0.157318491,1.2416,2100000000000.0,394697075.8,380339488.8,823076905.0,2.063425698,245.4383181,150.0625538,254628.8199,28144.70121,0.157204635,1.3032,2100000000000.0,382103276.6,377995657.7,795471778.1,2.337440993,245.79541,146.3307503,264379.0974,29083.40831,0.158028241,1.3424,2110000000000.0,388052732.8,369660132.9,840626748.3,2.215345727,243.5465013,146.7477452,209395.2295,23504.98265,0.157589885,1.4024,2100000000000.0,372964817.3,330268637.7,623080812.2,1.931267806,241.8043644,145.4357596,0.0,0.0,0.0,0.0,0.0,0.0,0.0,0.0,0.0,0.0,0.0,0.0,0.0,0.0,0.0,0.0,0.0,0.0,0.0,0.0,0.0,0.0,0.0,0.0,0.0,0.0,0.0,0.0,0.0,0.0,0.0,0.0,0.0,0.0,0.0,0.0,0.0,0.0,0.0,0.0,0.0,0.0,0.0,0.0,0.0,0.0,0.0,0.0,0.0,0.0,0.0,0.0,0.0,0.0,0.0,0.0,0.0,0.0,0.0,0.0,0.0,0.0,0.0,0.0,0.0,0.0,0.0,0.0,0.0,0.0,0.0,0.0,0.0,0.0,0.0,0.0,0.0,0.0,0.0,0.0,0.0,0.0,0.0,0.0,0.0,0.0,0.0,0.0,0.0,0.0,0.0,0.0,0.0,0.0,0.0,0.0,0.0,0.0,0.0,0.0,0.0,0.0,0.0,0.0,0.0,0.0,0.0,0.0,0.0,0.0,0.0,0.0,0.0,0.0,0.0,0.0,0.0,0.0,0.0,0.0,0.0,0.0,0.0,0.0,0.0,0.0,0.0,0.0,0.0,0.0,0.0,0.0,0.0,0.0,0.0,0.0,0.0,0.0,0.0,0.0,0.0,0.0,0.0,0.0,0.0,0.0,0.0,0.0,0.0,0.0,0.0,0.0,0.0,0.0,0.0,0.0,0.0,0.0,0.0,0.0,0.0,0.0,0.0,0.0,0.0,1.935,44329.0,0.733663452
15,100,133415.2905,19168.30176,0.180011733,0.4504,2370000000000.0,384788178.8,362308281.8,769277468.1,2.583113366,281.3554099,181.0883599,107773.8961,17873.11085,0.180079076,0.5024,2380000000000.0,370721486.4,313440217.0,601656091.5,2.977825297,221.5672049,130.2271693,135042.4384,19150.01814,0.179529352,0.5672,2380000000000.0,375873166.2,321910653.1,824345131.0,3.551720798,232.076992,137.3226669,109643.2469,17806.02727,0.178776093,0.636,2380000000000.0,361993693.3,322892369.4,589976199.0,2.763281052,252.8304621,140.799573,140294.8819,19503.04967,0.178800141,0.6896,2350000000000.0,372333560.6,357116407.0,807895414.7,2.300405712,243.2594952,141.6854139,143354.1086,19740.91063,0.179036101,0.7416,2330000000000.0,369293980.5,323563016.5,823935785.3,1.742663167,224.1938588,135.211565,145137.4795,20077.86318,0.179153165,0.8464,2310000000000.0,380902297.8,313745615.2,792892494.2,1.43688528,232.5017874,140.5897682,153425.5158,20853.0932,0.178153952,0.9272,2290000000000.0,383108223.6,348342788.5,781773042.7,1.276097996,238.4231626,141.821979,166293.4393,21923.16994,0.177964252,1.0068,2260000000000.0,369697317.5,327337508.0,856645337.0,1.496976314,234.6287858,144.0682621,168881.2502,22192.41185,0.177464393,1.0732,2260000000000.0,379466590.0,348209781.8,807369983.7,1.941800755,248.2741598,145.8590215,170706.597,22306.01625,0.177529801,1.1468,2240000000000.0,375131584.6,311412603.5,830457656.6,2.162558078,242.0884854,140.8427222,142794.7243,20420.92243,0.17693053,1.2152,2230000000000.0,370200897.8,320841906.8,602786336.2,2.261101514,237.3710134,139.9449298,142582.0856,20294.44525,0.176758863,1.2756,2220000000000.0,366990203.8,306774153.3,593678607.0,2.392285499,215.1647383,129.8674733,145878.4601,20363.15531,0.176465733,1.346,2220000000000.0,364436362.3,315574684.3,597101865.9,2.620000989,241.0657069,142.9563726,149009.2469,20479.06336,0.175846167,1.4036,2210000000000.0,360528588.9,309715462.5,607774372.8,2.679040721,217.4454859,132.7204645,0.0,0.0,0.0,0.0,0.0,0.0,0.0,0.0,0.0,0.0,0.0,0.0,0.0,0.0,0.0,0.0,0.0,0.0,0.0,0.0,0.0,0.0,0.0,0.0,0.0,0.0,0.0,0.0,0.0,0.0,0.0,0.0,0.0,0.0,0.0,0.0,0.0,0.0,0.0,0.0,0.0,0.0,0.0,0.0,0.0,0.0,0.0,0.0,0.0,0.0,0.0,0.0,0.0,0.0,0.0,0.0,0.0,0.0,0.0,0.0,0.0,0.0,0.0,0.0,0.0,0.0,0.0,0.0,0.0,0.0,0.0,0.0,0.0,0.0,0.0,0.0,0.0,0.0,0.0,0.0,0.0,0.0,0.0,0.0,0.0,0.0,0.0,0.0,0.0,0.0,0.0,0.0,0.0,0.0,0.0,0.0,0.0,0.0,0.0,0.0,0.0,0.0,0.0,0.0,0.0,0.0,0.0,0.0,0.0,0.0,0.0,0.0,0.0,0.0,0.0,0.0,0.0,0.0,0.0,0.0,0.0,0.0,0.0,0.0,0.0,0.0,0.0,0.0,0.0,0.0,0.0,0.0,0.0,0.0,0.0,0.0,0.0,0.0,0.0,0.0,0.0,0.0,0.0,0.0,0.0,0.0,0.0,0.0,0.0,0.0,0.0,0.0,0.0,0.0,0.0,0.0,0.0,0.0,0.0,0.0,0.0,0.0,0.0,0.0,0.0,1.885,39773.0,0.754193335
20,10,224941.9789,27663.62891,0.160535417,0.3292,2110000000000.0,394958035.4,387924212.6,734990543.3,1.581085133,242.5900829,153.4056826,194549.1255,24812.41716,0.160108363,0.3904,2120000000000.0,371266287.1,328866486.9,646751254.0,1.770564416,232.4570583,136.1831225,194320.0267,24700.32301,0.160030974,0.4552,2110000000000.0,372458291.3,336159455.5,637052572.7,1.834851779,229.6361658,132.2005241,230732.8566,27708.28456,0.159120077,0.5204,2100000000000.0,393301559.4,381566389.5,755103397.8,1.712679193,240.6148049,135.5331191,199979.0054,24768.70638,0.159182436,0.5848,2100000000000.0,382403419.3,339714686.8,644439796.7,1.657879898,230.2374206,133.7968326,200965.5862,24531.87488,0.15936291,0.5488,2110000000000.0,369153480.7,331223005.4,646585498.8,0.396100424,242.6590391,139.2281664,239322.7611,27766.29044,0.15788336,0.708,2090000000000.0,404100692.2,401277262.8,733113650.7,1.510283312,235.6713217,140.5113058,207319.8876,24154.87104,0.158274969,0.688,2100000000000.0,367973382.5,343830405.7,638560881.7,0.394198308,243.7430615,139.147131,216171.0557,24646.13987,0.157419651,0.884,2090000000000.0,361076059.2,351385334.7,651566156.3,1.244982115,224.4041634,134.6831027,258025.8307,28687.55009,0.157110899,0.7904,2090000000000.0,382523175.4,393094348.1,778557716.2,0.405501809,254.4258192,143.4182744,250231.6893,27760.36283,0.15679857,0.9292,2080000000000.0,397925395.6,399666015.3,737167816.9,0.453473419,233.5412393,135.1618459,249638.3735,27604.45354,0.156841513,0.9932,2080000000000.0,393556803.8,333067780.0,811036780.3,0.677277858,244.4317356,138.1136195,218919.4748,24360.84373,0.156838788,1.0036,2090000000000.0,368289888.3,341191939.3,645077140.2,0.463676118,237.5828213,134.1061123,219680.6761,24460.27487,0.157476084,1.052,2100000000000.0,365759473.5,346796264.1,649865764.3,0.436726567,237.1708112,141.6851631,218719.3722,24418.92519,0.15659011,1.1796,2080000000000.0,367883519.3,331770674.7,650262152.5,0.530572711,239.9996084,135.6682236,216813.7635,24193.38384,0.156698605,1.2352,2080000000000.0,368653248.6,346147418.1,638473238.3,0.598393087,249.3375952,141.5962061,255988.1702,28066.06404,0.156812238,1.2988,2080000000000.0,395063386.8,386792466.1,745784485.0,0.649640881,235.6626179,136.7165664,257701.0427,28440.29843,0.156525345,1.3356,2080000000000.0,395733790.3,334572079.2,825386916.3,0.617386669,235.8118947,137.863348,273826.9661,30297.6448,0.15595394,1.396,2070000000000.0,390427394.4,402896268.3,834994177.3,0.597888998,227.6499868,136.1522828,264042.9401,28902.99434,0.156070916,1.454,2080000000000.0,391826153.1,392657964.5,793074738.9,0.604581798,237.995271,135.9120292,0.0,0.0,0.0,0.0,0.0,0.0,0.0,0.0,0.0,0.0,0.0,0.0,0.0,0.0,0.0,0.0,0.0,0.0,0.0,0.0,0.0,0.0,0.0,0.0,0.0,0.0,0.0,0.0,0.0,0.0,0.0,0.0,0.0,0.0,0.0,0.0,0.0,0.0,0.0,0.0,0.0,0.0,0.0,0.0,0.0,0.0,0.0,0.0,0.0,0.0,0.0,0.0,0.0,0.0,0.0,0.0,0.0,0.0,0.0,0.0,0.0,0.0,0.0,0.0,0.0,0.0,0.0,0.0,0.0,0.0,0.0,0.0,0.0,0.0,0.0,0.0,0.0,0.0,0.0,0.0,0.0,0.0,0.0,0.0,0.0,0.0,0.0,0.0,0.0,0.0,0.0,0.0,0.0,0.0,0.0,0.0,0.0,0.0,0.0,0.0,0.0,0.0,0.0,0.0,0.0,0.0,0.0,0.0,0.0,0.0,2.271,1837.7,0.672106004
20,20,189306.0014,25350.51276,0.160011281,0.2928,2140000000000.0,371973802.8,333016627.4,647079847.3,1.528992896,242.5731029,150.7203475,187405.6899,24779.05688,0.161295801,0.3548,2120000000000.0,381040753.3,326309638.9,631462278.5,1.483300665,245.802477,139.5981437,193955.3103,24894.25189,0.160864407,0.4176,2130000000000.0,363905192.0,341709631.6,637963082.5,1.583667123,232.8549563,135.3960553,195888.5427,24539.33148,0.159745116,0.4804,2120000000000.0,381086440.6,329258570.7,648407121.5,1.504699614,243.6379628,137.3759948,201029.4648,24497.842,0.158989106,0.5404,2100000000000.0,367438061.9,329529851.7,652914154.3,1.53829154,239.3267468,137.1358603,200997.1371,23897.80921,0.158157041,0.602,2100000000000.0,375872366.9,333038644.8,639683301.0,1.274333784,265.9502916,154.6329158,210837.5398,24360.65066,0.158053541,0.5656,2100000000000.0,375047276.6,328135785.2,656226339.3,0.349669302,233.9125487,136.7923322,207413.688,23613.23652,0.157907812,0.6276,2100000000000.0,371512810.0,329892045.4,630075499.1,0.338240516,234.4656019,135.0247412,241612.5317,26929.93331,0.156935564,0.818,2080000000000.0,395200856.3,329986778.5,798143930.0,1.095954094,229.1519021,139.8140939,214245.8732,24045.21884,0.156780249,0.8784,2090000000000.0,375139559.7,345656792.8,631091063.6,0.976260719,229.2378991,131.1876343,257642.6222,28676.91782,0.156468941,0.9368,2070000000000.0,402043673.0,405323522.1,745368976.1,0.923752999,242.2095212,142.3667749,217280.6717,24300.0596,0.156464802,0.9792,2070000000000.0,367095212.1,332269520.4,644014979.4,0.802274242,271.4277811,142.927063,251513.9502,27934.37192,0.1560908,1.0316,2070000000000.0,386525484.5,409525872.1,719538586.0,0.811167615,239.3523728,141.622802,256752.1313,28477.27658,0.156407435,1.0872,2080000000000.0,395631078.1,333625367.8,822372595.2,0.72011524,245.7646372,146.1934938,218256.8867,24468.51772,0.157363957,1.0712,2100000000000.0,383163784.9,353016832.4,635983052.3,0.572679286,236.9967055,137.6570132,250846.7546,27771.97675,0.156267392,1.1804,2070000000000.0,389610334.7,326433859.8,802201870.0,0.66268741,245.5177176,139.1304458,218302.5627,24378.16857,0.157099416,1.178,2090000000000.0,366760267.9,332196004.0,657794731.7,0.40539552,228.0865061,133.9855827,216208.8774,24048.80375,0.156712089,1.2792,2080000000000.0,371247562.4,331867928.8,645388808.3,0.644555018,230.0365509,134.2977949,261659.4814,28883.51078,0.155927853,1.3312,2070000000000.0,392288556.1,408385242.6,773335268.3,0.627631125,246.9808507,144.1814882,220124.1161,24433.41883,0.157698928,1.3816,2100000000000.0,367934745.3,331969990.9,659370927.2,0.656094016,235.3403046,134.1457367,0.0,0.0,0.0,0.0,0.0,0.0,0.0,0.0,0.0,0.0,0.0,0.0,0.0,0.0,0.0,0.0,0.0,0.0,0.0,0.0,0.0,0.0,0.0,0.0,0.0,0.0,0.0,0.0,0.0,0.0,0.0,0.0,0.0,0.0,0.0,0.0,0.0,0.0,0.0,0.0,0.0,0.0,0.0,0.0,0.0,0.0,0.0,0.0,0.0,0.0,0.0,0.0,0.0,0.0,0.0,0.0,0.0,0.0,0.0,0.0,0.0,0.0,0.0,0.0,0.0,0.0,0.0,0.0,0.0,0.0,0.0,0.0,0.0,0.0,0.0,0.0,0.0,0.0,0.0,0.0,0.0,0.0,0.0,0.0,0.0,0.0,0.0,0.0,0.0,0.0,0.0,0.0,0.0,0.0,0.0,0.0,0.0,0.0,0.0,0.0,0.0,0.0,0.0,0.0,0.0,0.0,0.0,0.0,0.0,0.0,2.243,17108.0,0.697741935
20,30,194455.8735,25291.3901,0.160646983,0.3508,2110000000000.0,376871308.3,333602281.0,659633377.6,1.569559581,223.2996237,137.0459857,226109.8596,27743.65727,0.160103218,0.3928,2110000000000.0,383770155.9,327742626.4,811331506.1,1.676552867,233.3607291,139.2749998,237737.9096,28545.93951,0.160152379,0.4504,2110000000000.0,393217552.7,400481343.7,771382303.3,1.554988571,232.3647602,136.372018,198300.5631,24265.63074,0.159387994,0.5148,2110000000000.0,378778796.1,342308009.0,634201467.3,1.592443962,288.9310359,156.5351741,201619.0501,23863.87472,0.158321513,0.5784,2090000000000.0,375108763.9,319529600.0,630527859.0,1.314468062,246.1079968,139.7108437,209580.1433,24044.4656,0.158144308,0.6836,2100000000000.0,368710299.1,336561646.1,635789424.9,1.264817706,235.1897357,134.8361977,254992.6755,28378.26816,0.157087607,0.7244,2090000000000.0,384986422.8,338306640.6,829443439.5,1.259343688,235.3848919,139.3554832,250720.9898,27742.82686,0.156814119,0.782,2080000000000.0,393620830.0,407761023.6,746033789.9,1.233551444,248.1266743,142.1181158,261302.0867,28939.26908,0.157256764,0.8468,2090000000000.0,387123518.4,338107063.9,848757661.5,1.054153459,233.4970356,137.738284,216154.5603,24167.04383,0.157068917,0.9028,2090000000000.0,367750262.7,340812788.5,639658346.7,0.640005295,252.7071729,137.1808008,256132.8107,28353.20851,0.15688407,0.9212,2080000000000.0,390542476.5,399177048.8,736792296.1,0.69091229,249.8942862,143.1869704,215799.3928,24060.17328,0.156885932,0.9896,2090000000000.0,368601928.2,340211388.8,643336226.3,0.856256773,236.1941007,134.3346001,257530.0601,28369.48672,0.156790167,1.0464,2090000000000.0,385543763.7,326131541.5,827658959.4,0.897852093,235.6468105,141.1870696,256957.1866,28405.66252,0.156914383,1.0884,2090000000000.0,391906601.1,334713571.5,817611946.2,0.717744729,242.1117164,142.5331199,264791.2875,29125.64435,0.157289914,1.1464,2090000000000.0,393477368.3,396115666.4,795873838.8,0.687297837,231.3830651,135.4628242,263471.7062,29043.0582,0.157295131,1.1924,2090000000000.0,383511899.4,334218479.9,839670093.0,0.568019564,245.0922288,140.5332694,220325.754,24476.22571,0.157294876,1.244,2090000000000.0,373992384.2,331429361.0,663236671.8,0.625388721,245.1917604,140.0422078,220218.399,24416.82402,0.157011463,1.2768,2080000000000.0,379273613.2,332801278.7,659842438.3,0.677871848,232.9427997,135.1011938,255702.2911,28121.24327,0.156015688,1.3332,2070000000000.0,396228883.6,405281946.6,759914758.2,0.652466424,241.9890898,140.7448408,261861.8684,28759.97517,0.157001492,1.5396,2090000000000.0,394355704.4,335196571.9,834309478.1,0.675357698,247.4120253,138.9950683,0.0,0.0,0.0,0.0,0.0,0.0,0.0,0.0,0.0,0.0,0.0,0.0,0.0,0.0,0.0,0.0,0.0,0.0,0.0,0.0,0.0,0.0,0.0,0.0,0.0,0.0,0.0,0.0,0.0,0.0,0.0,0.0,0.0,0.0,0.0,0.0,0.0,0.0,0.0,0.0,0.0,0.0,0.0,0.0,0.0,0.0,0.0,0.0,0.0,0.0,0.0,0.0,0.0,0.0,0.0,0.0,0.0,0.0,0.0,0.0,0.0,0.0,0.0,0.0,0.0,0.0,0.0,0.0,0.0,0.0,0.0,0.0,0.0,0.0,0.0,0.0,0.0,0.0,0.0,0.0,0.0,0.0,0.0,0.0,0.0,0.0,0.0,0.0,0.0,0.0,0.0,0.0,0.0,0.0,0.0,0.0,0.0,0.0,0.0,0.0,0.0,0.0,0.0,0.0,0.0,0.0,0.0,0.0,0.0,0.0,2.289,37912.0,0.699600783
20,40,183856.2507,25242.8351,0.162938001,0.3236,2130000000000.0,382563592.1,330228348.4,653017934.3,1.534824876,243.4345562,152.6269832,189800.9361,25327.2422,0.162026042,0.382,2130000000000.0,367752160.7,334307703.6,663347793.6,1.461659299,246.3396875,136.0762527,223229.0832,27499.05991,0.160750973,0.4388,2120000000000.0,383043980.2,324902715.3,811975994.4,1.462184497,257.3393307,143.740804,195838.3578,24514.5776,0.160141041,0.4984,2110000000000.0,384446597.3,340938833.5,629749521.3,1.442517929,255.6014847,140.4146208,199272.7658,24079.86202,0.158871131,0.5504,2100000000000.0,368667579.1,334889130.9,637224794.8,1.192677532,271.8620664,146.479647,232845.9944,26805.78541,0.158357971,0.668,2090000000000.0,390245436.6,321345721.2,773938102.2,1.561066978,319.3016431,156.9757269,207134.6564,23856.64508,0.158303611,0.7204,2100000000000.0,371163580.6,339513047.5,632353814.5,1.443606518,238.0208386,137.7814767,248514.5884,27681.40635,0.156962251,0.7764,2080000000000.0,380614625.3,332208957.7,812311295.2,1.350339103,245.0974185,142.6479628,214646.4903,24254.73073,0.157368539,0.8332,2090000000000.0,380696307.4,333514308.3,646604769.1,1.058572102,244.756268,136.9294156,257741.0397,28494.57529,0.157247796,0.8896,2090000000000.0,388596006.2,390882632.6,767349992.3,0.835116664,244.1755681,141.1119601,220294.4762,24762.85528,0.157208122,0.9292,2090000000000.0,371639247.5,345393939.7,641184970.8,0.728066991,227.7588715,132.6380083,262157.7321,29064.989,0.157500161,0.984,2090000000000.0,391850923.0,332690103.1,839023250.1,0.812031782,232.9572827,137.5598713,261191.8694,28898.1657,0.15672302,1.0356,2080000000000.0,388207032.5,401114616.1,770286774.1,0.881966295,253.6198592,143.1339842,262511.8728,28955.7425,0.1569169,1.0772,2080000000000.0,394147600.1,389472817.8,779364705.3,0.865456552,242.9649968,142.827508,263426.7804,29150.3333,0.157024739,1.1292,2090000000000.0,387361459.6,334166346.2,841427340.5,0.713913948,233.4600992,135.6207256,215487.2072,24087.91229,0.157118962,1.17,2090000000000.0,377031011.8,333891800.9,647418072.4,0.690333231,250.4934183,138.3848616,217032.1202,24269.98867,0.157172334,1.2088,2090000000000.0,370971490.6,329157781.8,643234394.3,0.640654818,258.0179062,140.7840872,258758.2141,28344.2441,0.157488233,1.2492,2090000000000.0,391101259.5,385974534.4,748751606.0,0.592386084,243.9530742,136.9458124,220816.1444,24504.61379,0.1567582,1.3132,2080000000000.0,371452934.6,345593379.7,646409516.0,0.598438295,239.9272151,137.1837618,264228.1965,29068.71308,0.15697283,1.3688,2080000000000.0,391945220.4,392197285.7,786423022.3,0.57088244,239.547759,137.3173964,0.0,0.0,0.0,0.0,0.0,0.0,0.0,0.0,0.0,0.0,0.0,0.0,0.0,0.0,0.0,0.0,0.0,0.0,0.0,0.0,0.0,0.0,0.0,0.0,0.0,0.0,0.0,0.0,0.0,0.0,0.0,0.0,0.0,0.0,0.0,0.0,0.0,0.0,0.0,0.0,0.0,0.0,0.0,0.0,0.0,0.0,0.0,0.0,0.0,0.0,0.0,0.0,0.0,0.0,0.0,0.0,0.0,0.0,0.0,0.0,0.0,0.0,0.0,0.0,0.0,0.0,0.0,0.0,0.0,0.0,0.0,0.0,0.0,0.0,0.0,0.0,0.0,0.0,0.0,0.0,0.0,0.0,0.0,0.0,0.0,0.0,0.0,0.0,0.0,0.0,0.0,0.0,0.0,0.0,0.0,0.0,0.0,0.0,0.0,0.0,0.0,0.0,0.0,0.0,0.0,0.0,0.0,0.0,0.0,0.0,2.212,54694.0,0.691242518
20,50,207815.8507,27399.75166,0.161699664,0.3084,2120000000000.0,378272143.7,333393337.2,775208782.7,1.429708312,238.3759599,150.2995962,186616.5125,25167.92547,0.16178274,0.3624,2120000000000.0,380943412.0,340094843.1,638146820.9,1.440585177,243.0671215,138.4995081,226353.5872,27957.09678,0.160792832,0.4212,2120000000000.0,391978964.8,334245846.7,830619793.1,1.407517487,266.5672856,153.777857,224916.2858,27029.91668,0.159707687,0.4836,2100000000000.0,394097153.6,393518489.4,727237534.5,1.514471167,346.4627106,166.5788639,197864.8912,23803.81794,0.158847083,0.5476,2090000000000.0,383946208.1,341246228.8,624286508.8,1.119482929,236.758895,138.3974142,247956.6146,28114.48428,0.157978643,0.6424,2090000000000.0,381135026.2,336278627.0,818625457.4,1.466297234,248.4205061,141.2336881,209642.6825,23872.70308,0.157130495,0.6944,2090000000000.0,366086562.1,331961475.5,645091702.8,1.422985024,234.1559251,135.1521041,251926.5238,27946.47801,0.157072735,0.7492,2080000000000.0,378122067.7,326277322.1,810531463.8,1.290092064,237.1015113,137.592408,258474.9283,28702.61053,0.156458335,0.8016,2070000000000.0,392384732.2,333126769.7,847254141.6,1.014551937,239.4497344,142.5872876,256711.0077,28471.30309,0.156831999,0.842,2090000000000.0,384191118.0,329355894.8,822310817.6,0.782108121,247.6968318,143.6032601,218973.3835,24541.21911,0.156054022,0.9012,2060000000000.0,365700723.9,339238929.5,631471733.8,0.83903323,232.5380194,137.2548336,255988.9344,28391.05013,0.156311935,0.9512,2070000000000.0,396059301.7,332063073.4,813924689.3,0.937612481,253.4969908,141.7657391,218274.8245,24461.22084,0.156604695,0.9952,2080000000000.0,372834285.0,333098110.1,642263550.8,1.016057596,232.0149417,136.2675607,255970.143,28240.5517,0.157211775,1.046,2080000000000.0,385328323.8,396914818.1,758160837.9,0.99057015,231.9444292,137.4076671,213120.982,23794.19554,0.156501267,1.0848,2080000000000.0,364709070.4,345985244.2,621689925.2,0.832317387,247.6169011,140.7741368,217421.4927,24301.95025,0.157225685,1.078,2090000000000.0,371542998.6,331097925.7,649109424.1,0.632124917,230.4209596,136.2381853,217193.7973,24228.29036,0.157497671,1.1652,2090000000000.0,376335441.1,347893058.8,645963610.3,0.789966903,241.4850893,136.7574599,260709.7186,28656.75645,0.156454473,1.2168,2080000000000.0,393807981.8,385444366.3,760602674.5,0.703739875,238.3082193,144.2189904,223874.6133,24839.22549,0.15753121,1.2612,2090000000000.0,376502385.7,335568560.2,668489506.2,0.667857473,251.934198,140.236631,220252.405,24392.37524,0.157023809,1.3164,2080000000000.0,370956714.1,345931096.3,648398596.1,0.690661254,239.6780665,137.4957709,0.0,0.0,0.0,0.0,0.0,0.0,0.0,0.0,0.0,0.0,0.0,0.0,0.0,0.0,0.0,0.0,0.0,0.0,0.0,0.0,0.0,0.0,0.0,0.0,0.0,0.0,0.0,0.0,0.0,0.0,0.0,0.0,0.0,0.0,0.0,0.0,0.0,0.0,0.0,0.0,0.0,0.0,0.0,0.0,0.0,0.0,0.0,0.0,0.0,0.0,0.0,0.0,0.0,0.0,0.0,0.0,0.0,0.0,0.0,0.0,0.0,0.0,0.0,0.0,0.0,0.0,0.0,0.0,0.0,0.0,0.0,0.0,0.0,0.0,0.0,0.0,0.0,0.0,0.0,0.0,0.0,0.0,0.0,0.0,0.0,0.0,0.0,0.0,0.0,0.0,0.0,0.0,0.0,0.0,0.0,0.0,0.0,0.0,0.0,0.0,0.0,0.0,0.0,0.0,0.0,0.0,0.0,0.0,0.0,0.0,2.204,55029.0,0.709850805
20,60,210013.2569,27667.67358,0.161296231,0.3056,2120000000000.0,380884377.2,375046494.6,746080905.7,1.546590129,250.8687168,153.9746738,185741.8322,25253.63513,0.16308017,0.3572,2130000000000.0,366624243.0,343505966.9,652319288.3,1.485541007,235.4377085,134.8608136,184358.5929,24317.50171,0.161162627,0.4188,2120000000000.0,370199862.9,327444092.4,632345146.2,1.477932748,284.5510925,147.0830055,235497.7689,28181.17941,0.160336806,0.4792,2110000000000.0,384804947.8,330482918.7,852598909.7,1.546933321,250.6930603,145.6969943,199085.7941,24112.81738,0.159399091,0.5436,2100000000000.0,383759643.3,335192277.6,636423172.6,1.245964587,243.3277209,139.5128292,241474.6271,27293.19377,0.158157705,0.6332,2090000000000.0,384527059.2,389580087.5,736483331.4,1.557253436,237.5440126,137.3940538,253862.7261,28137.60283,0.157154436,0.6868,2080000000000.0,388276359.1,326595513.2,829720460.6,1.502432823,247.0865455,143.3942984,252872.9921,28173.158,0.157116798,0.7392,2080000000000.0,400569398.8,394427288.3,754904245.3,1.27855959,249.1175064,144.5564089,254072.4764,28121.03932,0.156702303,0.7452,2080000000000.0,399727104.2,386600990.1,744257037.3,0.736592014,259.577865,144.0525582,216646.3779,24310.48101,0.156836686,0.8308,2080000000000.0,370180757.8,335500407.8,640663130.8,0.934660603,236.4998932,138.4598055,254495.5598,28065.87605,0.156657438,0.8848,2080000000000.0,384822342.9,328815065.2,814952152.4,0.883326744,250.509324,143.4771303,218161.6042,24608.23578,0.157302505,0.9356,2080000000000.0,378891658.3,335557947.9,650412849.9,0.835956029,243.6737082,137.3590891,248558.5791,27571.47289,0.156205149,0.9828,2070000000000.0,392379005.5,330873926.2,790858660.4,0.908277833,234.9635586,139.8549737,260202.2159,28826.9712,0.156722014,1.026,2080000000000.0,386786584.5,394800376.2,761012352.9,1.092820373,238.6498069,135.8363902,255463.9133,28160.6507,0.155912164,1.0712,2070000000000.0,389397938.3,403368400.3,740949480.2,0.998857706,238.3993176,140.8052708,217132.0968,24283.27107,0.15696453,1.1092,2080000000000.0,368489408.2,344510457.8,636318237.4,0.83147776,234.328295,134.6962582,252847.0792,27717.64599,0.156319734,1.1512,2070000000000.0,402623594.6,388967967.1,725407214.5,0.760691197,237.6649883,137.2034062,217944.5278,24203.39016,0.156681541,1.202,2080000000000.0,374074186.3,325922013.9,648152405.6,0.639556306,234.6274563,136.5020106,218573.2634,24241.90074,0.156765003,1.2484,2080000000000.0,371501017.8,337375977.2,636018818.2,0.697814297,240.5987461,137.4111614,217051.6442,24084.1829,0.156435729,1.2984,2070000000000.0,361124754.6,334267330.6,625006276.4,0.636499265,236.9494414,137.6361162,0.0,0.0,0.0,0.0,0.0,0.0,0.0,0.0,0.0,0.0,0.0,0.0,0.0,0.0,0.0,0.0,0.0,0.0,0.0,0.0,0.0,0.0,0.0,0.0,0.0,0.0,0.0,0.0,0.0,0.0,0.0,0.0,0.0,0.0,0.0,0.0,0.0,0.0,0.0,0.0,0.0,0.0,0.0,0.0,0.0,0.0,0.0,0.0,0.0,0.0,0.0,0.0,0.0,0.0,0.0,0.0,0.0,0.0,0.0,0.0,0.0,0.0,0.0,0.0,0.0,0.0,0.0,0.0,0.0,0.0,0.0,0.0,0.0,0.0,0.0,0.0,0.0,0.0,0.0,0.0,0.0,0.0,0.0,0.0,0.0,0.0,0.0,0.0,0.0,0.0,0.0,0.0,0.0,0.0,0.0,0.0,0.0,0.0,0.0,0.0,0.0,0.0,0.0,0.0,0.0,0.0,0.0,0.0,0.0,0.0,2.226,59171.0,0.720823623
20,70,174562.5716,25390.5059,0.162950827,0.3068,2150000000000.0,369818885.8,343203758.2,647081561.5,1.681590163,269.4276562,152.5375665,209523.8018,27626.07398,0.163704315,0.36,2130000000000.0,393391732.2,388066408.6,758779665.0,1.602135398,242.6702342,139.0606419,219911.4198,27610.95909,0.162033075,0.4164,2130000000000.0,373755885.6,322324114.7,831748558.7,1.622213451,271.8742574,153.6459194,221320.7247,26934.05547,0.161346605,0.478,2120000000000.0,384646906.4,323475587.0,791477933.5,1.583776628,242.9428879,138.065828,196910.977,23922.67906,0.160003765,0.5416,2120000000000.0,367765800.1,339851587.2,635778280.0,1.346221113,248.3351962,138.5727539,250377.9161,28147.1589,0.157249464,0.6288,2080000000000.0,395822778.9,404136764.3,766693914.1,1.399096571,227.8310857,136.9551212,210916.1994,23974.36433,0.157729052,0.6848,2090000000000.0,376489251.3,332606035.4,641356967.0,1.234963887,236.0860347,138.7660662,253692.7764,28252.52017,0.156850342,0.7408,2080000000000.0,389244818.9,332056980.8,819548727.2,1.101619057,234.7420934,139.1594115,216645.5427,24474.68802,0.15732673,0.79,2090000000000.0,372293831.6,331916283.8,643726210.1,0.959876089,241.9208579,140.4377415,262567.0989,29171.71275,0.15675787,0.7928,2080000000000.0,383410950.8,336400724.6,861821910.1,0.671565931,234.2816455,139.4306783,265214.4698,29536.82912,0.156727226,0.8856,2070000000000.0,396450117.0,397233222.3,782261186.1,0.750012939,249.6128114,145.3064675,218138.4846,24513.78907,0.157171385,0.93,2090000000000.0,373282501.8,351081128.2,636823752.4,0.791290403,238.4104998,139.9883843,219744.4531,24549.42336,0.156573616,0.9848,2080000000000.0,366868195.4,335582741.8,644149149.0,0.914714936,236.7330501,135.0185243,259589.8866,28723.75459,0.156943492,1.024,2080000000000.0,383456379.4,334095878.1,817437369.7,0.881650056,235.0517591,136.7556319,260244.0467,28817.56896,0.156299495,1.0628,2070000000000.0,392578762.0,340556458.1,827876304.0,0.860210963,243.4222833,137.9166751,220492.329,24488.10469,0.156679907,1.1048,2080000000000.0,364002210.5,336791652.9,634870596.8,0.946424965,243.9315972,136.853647,248471.9626,27399.46507,0.155939135,1.1524,2070000000000.0,390770575.9,398771340.0,714699625.7,0.743676663,246.5022449,136.8534074,271784.798,30049.86905,0.156090547,1.1864,2070000000000.0,380648072.0,400583932.2,809184344.2,0.622059163,237.64342,138.3951496,221871.9663,24588.88207,0.1573865,1.2344,2090000000000.0,373338227.4,329059211.4,658871552.8,0.730501602,239.3681294,137.6707413,218276.2952,24232.66599,0.157159563,1.288,2090000000000.0,371344541.7,341966455.9,630599413.2,0.645200815,237.6995394,135.2774553,0.0,0.0,0.0,0.0,0.0,0.0,0.0,0.0,0.0,0.0,0.0,0.0,0.0,0.0,0.0,0.0,0.0,0.0,0.0,0.0,0.0,0.0,0.0,0.0,0.0,0.0,0.0,0.0,0.0,0.0,0.0,0.0,0.0,0.0,0.0,0.0,0.0,0.0,0.0,0.0,0.0,0.0,0.0,0.0,0.0,0.0,0.0,0.0,0.0,0.0,0.0,0.0,0.0,0.0,0.0,0.0,0.0,0.0,0.0,0.0,0.0,0.0,0.0,0.0,0.0,0.0,0.0,0.0,0.0,0.0,0.0,0.0,0.0,0.0,0.0,0.0,0.0,0.0,0.0,0.0,0.0,0.0,0.0,0.0,0.0,0.0,0.0,0.0,0.0,0.0,0.0,0.0,0.0,0.0,0.0,0.0,0.0,0.0,0.0,0.0,0.0,0.0,0.0,0.0,0.0,0.0,0.0,0.0,0.0,0.0,2.233,58497.0,0.752426776
20,80,225366.9746,28435.57769,0.161556479,0.3608,2120000000000.0,392608107.7,399546218.1,776347265.4,1.655737536,251.1250111,150.6722898,188803.2877,24586.59014,0.160891375,0.412,2120000000000.0,373980099.1,334903202.3,630565499.9,1.666105212,259.4335947,138.7690303,220685.7736,26638.3105,0.160178276,0.4744,2110000000000.0,390563525.6,384431873.8,711353900.9,1.628834803,250.872854,141.2856411,203283.4494,24408.75704,0.159537965,0.528,2110000000000.0,373441810.3,334035828.1,647833399.8,1.534046911,248.7823603,140.0279178,206130.0572,24090.26832,0.15839975,0.5844,2100000000000.0,379542120.9,335770752.6,639772693.4,1.317977564,305.38307,158.2648662,209058.5496,23948.26715,0.157437388,0.6732,2090000000000.0,358848147.4,338293027.4,627991041.0,1.333264139,238.6026634,141.9800471,210363.9692,23908.88302,0.157636816,0.7224,2090000000000.0,371262199.8,331801246.4,635976951.3,1.260616488,237.2828368,136.2511682,214303.7987,24237.94584,0.157821323,0.758,2100000000000.0,374223783.2,344678251.2,635614317.7,1.254876626,235.6998725,139.8734757,213013.0082,23948.83112,0.157486531,0.7984,2090000000000.0,371751967.8,342886130.2,627409177.7,1.10766025,237.0979973,134.5146349,253290.0093,28124.62107,0.15688276,0.8576,2080000000000.0,395003178.5,393034664.9,749692399.4,1.051472225,259.2804941,141.0011698,217257.7284,24314.1607,0.157240923,0.9016,2100000000000.0,374503740.0,340464934.0,643267090.1,1.07761648,251.7251359,140.9170269,263259.0783,29104.70631,0.157182621,0.9496,2080000000000.0,399101488.7,400626105.8,779504047.8,1.146206728,259.2369156,141.8057611,218072.4832,24294.39567,0.157094615,1.0,2090000000000.0,376472936.6,334646080.4,647396038.7,1.336945522,238.6200656,137.7413024,253349.878,28023.82631,0.156989496,1.0324,2090000000000.0,396597680.2,332505669.4,818740298.0,1.268857689,257.0433332,138.7373078,218425.3644,24268.06189,0.157227751,1.0632,2090000000000.0,372525268.3,344444833.1,641887767.0,1.050366585,258.3892178,144.9847885,220692.9775,24505.04611,0.156911503,1.1112,2090000000000.0,371777844.2,344060695.0,643215650.2,0.901041665,233.4244597,135.3968774,218324.8395,24190.69461,0.156308218,1.172,2080000000000.0,366538267.9,328720527.9,643605323.1,0.811379674,233.7009678,135.9872911,216993.7034,24076.4735,0.157209396,1.218,2090000000000.0,371531591.9,333437669.2,632387493.1,0.936641748,243.5793057,132.9322016,263412.6704,28911.22424,0.156677144,1.2528,2080000000000.0,389994350.3,331122348.4,833173533.8,0.837335813,233.3364523,135.8739268,219576.0168,24362.52652,0.156518418,1.3016,2080000000000.0,370464315.0,345824079.3,641838269.4,0.851438889,245.6220041,138.4928148,0.0,0.0,0.0,0.0,0.0,0.0,0.0,0.0,0.0,0.0,0.0,0.0,0.0,0.0,0.0,0.0,0.0,0.0,0.0,0.0,0.0,0.0,0.0,0.0,0.0,0.0,0.0,0.0,0.0,0.0,0.0,0.0,0.0,0.0,0.0,0.0,0.0,0.0,0.0,0.0,0.0,0.0,0.0,0.0,0.0,0.0,0.0,0.0,0.0,0.0,0.0,0.0,0.0,0.0,0.0,0.0,0.0,0.0,0.0,0.0,0.0,0.0,0.0,0.0,0.0,0.0,0.0,0.0,0.0,0.0,0.0,0.0,0.0,0.0,0.0,0.0,0.0,0.0,0.0,0.0,0.0,0.0,0.0,0.0,0.0,0.0,0.0,0.0,0.0,0.0,0.0,0.0,0.0,0.0,0.0,0.0,0.0,0.0,0.0,0.0,0.0,0.0,0.0,0.0,0.0,0.0,0.0,0.0,0.0,0.0,2.288,65856.0,0.744677467
20,90,208085.6658,27009.90913,0.162850897,0.336,2120000000000.0,390140485.8,382431105.6,715961593.7,1.619599447,246.6347012,153.2875357,218262.7696,27244.81429,0.161319964,0.3956,2120000000000.0,386315625.1,330287075.9,800377202.4,1.597233439,244.4140652,141.6725227,199233.4863,24198.80948,0.159487441,0.462,2110000000000.0,375012327.5,325747169.6,647833565.6,1.559134463,254.0403539,138.1667023,235359.2344,26938.37685,0.157619725,0.4612,2090000000000.0,388423986.2,334818470.1,793332437.5,1.569337419,258.7206174,139.430762,210165.5517,24143.07725,0.157005126,0.4696,2080000000000.0,371758945.2,329724640.3,641778477.1,1.434301947,249.4181762,142.2594397,209695.4416,24067.91035,0.157925059,0.6044,2100000000000.0,364233592.4,340588238.1,628810785.4,1.070521299,330.2586891,170.1090686,210348.2082,24127.16337,0.157716808,0.672,2100000000000.0,380637975.4,344876855.8,633076956.5,1.307915148,233.3881394,137.7140245,238493.2968,26709.8783,0.156964655,0.7336,2080000000000.0,379606107.7,326602998.7,757034935.5,1.500449942,254.1403741,137.550725,213816.4576,24260.25024,0.157162681,0.7892,2090000000000.0,367136701.0,318173523.8,639346863.8,1.387360424,242.1893494,140.6523078,216301.6366,24402.52686,0.157787024,0.8368,2100000000000.0,374603469.9,328101742.0,656340532.9,1.158186497,253.3749562,145.326995,217075.0279,24365.27991,0.157561778,0.8888,2090000000000.0,367715692.1,331352837.2,644909696.7,1.256475346,243.7298859,141.9670615,254773.0594,28218.36432,0.157260255,0.9432,2090000000000.0,387638438.3,332160200.2,818109284.5,1.120500915,249.3671276,146.6821785,245269.1655,27084.38719,0.1575403,0.9868,2090000000000.0,393438281.4,393933026.2,727096072.8,1.255416133,246.3067822,139.158184,218881.714,24474.53502,0.157388517,1.0212,2090000000000.0,368521627.9,339640108.3,640907383.0,1.285989211,246.0851562,139.8183435,265224.947,29515.00111,0.157119871,1.0588,2090000000000.0,395824015.5,340376991.4,854804829.9,1.060606805,259.6576726,145.0040142,218407.9001,24316.90659,0.1577841,1.0808,2100000000000.0,364781069.5,344159244.9,640888774.7,0.994343917,237.444705,136.0081854,257847.8591,28664.07281,0.156528833,1.1408,2070000000000.0,396930268.5,421942702.0,732223118.8,1.101305658,254.6574557,143.8353865,226956.5898,25194.5754,0.157029232,1.1904,2090000000000.0,363211569.3,333018313.5,677643328.4,0.865839915,229.0658744,133.3272536,218540.3899,24234.38866,0.157283362,1.2488,2090000000000.0,381191258.0,340751306.7,635947452.6,0.868508476,248.9375093,138.8551797,219032.6251,24366.96856,0.157069878,1.2944,2090000000000.0,368492938.3,341453671.6,634972853.1,0.868925045,253.1712968,141.3659425,0.0,0.0,0.0,0.0,0.0,0.0,0.0,0.0,0.0,0.0,0.0,0.0,0.0,0.0,0.0,0.0,0.0,0.0,0.0,0.0,0.0,0.0,0.0,0.0,0.0,0.0,0.0,0.0,0.0,0.0,0.0,0.0,0.0,0.0,0.0,0.0,0.0,0.0,0.0,0.0,0.0,0.0,0.0,0.0,0.0,0.0,0.0,0.0,0.0,0.0,0.0,0.0,0.0,0.0,0.0,0.0,0.0,0.0,0.0,0.0,0.0,0.0,0.0,0.0,0.0,0.0,0.0,0.0,0.0,0.0,0.0,0.0,0.0,0.0,0.0,0.0,0.0,0.0,0.0,0.0,0.0,0.0,0.0,0.0,0.0,0.0,0.0,0.0,0.0,0.0,0.0,0.0,0.0,0.0,0.0,0.0,0.0,0.0,0.0,0.0,0.0,0.0,0.0,0.0,0.0,0.0,0.0,0.0,0.0,0.0,2.269,78070.0,0.748064258
20,100,200013.4064,26392.43611,0.159968284,0.3628,2130000000000.0,383123127.7,382219037.1,687591524.9,1.559961048,255.793888,156.3340676,205560.5395,26192.25394,0.159566183,0.4204,2130000000000.0,390905512.9,384030728.9,692425753.0,1.615052017,231.3235021,133.1553578,188144.5401,23666.42908,0.159157471,0.4688,2130000000000.0,371152585.2,340016197.8,624909640.4,1.583480507,245.7801336,143.2803165,199092.0144,23786.64799,0.159139943,0.5712,2110000000000.0,365939682.4,340283121.3,625276873.8,1.485286346,258.1326992,142.157113,207278.6636,23966.26279,0.15936806,0.618,2100000000000.0,372324193.3,342979150.0,630109600.1,1.468514723,245.4622416,143.3862853,251972.0587,28208.44274,0.158322489,0.664,2100000000000.0,389819252.0,390124591.8,758115023.8,1.36461847,239.6187037,141.5488544,209104.5709,23894.73583,0.158688591,0.704,2090000000000.0,365922453.6,337599468.1,627355357.1,1.189904028,232.917843,136.7056777,211707.1768,24163.35406,0.159038007,0.7508,2110000000000.0,364900794.7,338763902.9,630749526.5,1.260236994,256.9483332,143.7662356,240011.9033,26754.75983,0.159531794,0.7952,2100000000000.0,386371721.3,319904344.4,775168979.3,1.106509801,250.0559122,140.4641614,214308.4861,24288.57578,0.159028361,0.848,2100000000000.0,369933771.9,336174367.8,637098106.2,0.967758343,239.385107,137.9688637,252564.5526,28205.21198,0.159209802,0.8968,2090000000000.0,390426326.5,335823714.3,819214431.6,1.182233108,251.6446178,142.309996,248894.6879,27652.46487,0.159113566,0.932,2100000000000.0,394577061.6,395566963.8,733780944.3,0.991191708,247.9007228,141.5327593,216289.6713,24164.89461,0.158753674,0.9908,2100000000000.0,369334458.3,341923402.7,636328765.3,1.337405194,258.0700693,141.8732678,250254.6764,27767.72245,0.158926907,1.036,2080000000000.0,395741666.3,401691269.4,712706280.4,1.33391293,244.7028837,143.844312,217862.7539,24223.3643,0.157781989,1.0804,2090000000000.0,376712387.9,339986885.5,632744958.3,1.363019585,245.057234,136.6203256,252013.4676,27972.78066,0.158204157,1.1264,2090000000000.0,392458138.9,414500684.9,732815909.7,1.077848629,248.5954933,138.4263506,215732.9155,24052.74242,0.158354632,1.156,2090000000000.0,370234462.4,342477181.0,625638126.1,0.941504853,253.6572693,144.0747851,264175.7004,29211.81607,0.158515402,1.2092,2090000000000.0,392333938.9,400487277.8,764426499.4,0.976706593,236.273909,137.2471106,218910.0555,24306.57681,0.157960997,1.2576,2090000000000.0,366731095.6,341883966.7,640153341.6,0.880967337,241.8481017,135.4057722,255258.8598,28092.2162,0.158221391,1.304,2090000000000.0,396182572.1,393789026.2,734569994.8,0.913112352,253.6178905,143.2781568,0.0,0.0,0.0,0.0,0.0,0.0,0.0,0.0,0.0,0.0,0.0,0.0,0.0,0.0,0.0,0.0,0.0,0.0,0.0,0.0,0.0,0.0,0.0,0.0,0.0,0.0,0.0,0.0,0.0,0.0,0.0,0.0,0.0,0.0,0.0,0.0,0.0,0.0,0.0,0.0,0.0,0.0,0.0,0.0,0.0,0.0,0.0,0.0,0.0,0.0,0.0,0.0,0.0,0.0,0.0,0.0,0.0,0.0,0.0,0.0,0.0,0.0,0.0,0.0,0.0,0.0,0.0,0.0,0.0,0.0,0.0,0.0,0.0,0.0,0.0,0.0,0.0,0.0,0.0,0.0,0.0,0.0,0.0,0.0,0.0,0.0,0.0,0.0,0.0,0.0,0.0,0.0,0.0,0.0,0.0,0.0,0.0,0.0,0.0,0.0,0.0,0.0,0.0,0.0,0.0,0.0,0.0,0.0,0.0,0.0,2.297,68244.0,0.788941198
25,10,115932.9451,17786.34259,0.183224527,0.2268,2300000000000.0,367736690.0,309391696.7,594584962.0,1.339535448,222.9985943,142.3436321,148758.2976,19651.40423,0.183682485,0.2864,2320000000000.0,382517066.8,345495302.8,806124323.3,1.52699311,226.443082,142.99547,118258.6304,17869.09939,0.183598894,0.3452,2320000000000.0,361765420.8,312874061.3,592095658.7,1.48945105,235.6143639,133.9550211,144290.0423,19397.87851,0.182807387,0.4132,2300000000000.0,386475448.5,359304392.5,765376012.9,1.456119385,229.9305146,132.8106014,142728.4223,19246.99604,0.183042688,0.48,2310000000000.0,371145356.2,316445175.0,797282547.3,1.490078419,224.0596429,133.1395455,140569.8236,19065.1248,0.183022718,0.5404,2310000000000.0,367780932.9,352256747.5,743640664.6,1.4644544,250.4103977,136.3267821,118577.8161,17823.22089,0.182192504,0.6096,2300000000000.0,362615609.7,314467950.2,580569728.0,1.501189715,229.7747673,132.7194493,144434.2215,19300.96001,0.181738885,0.6756,2290000000000.0,368952063.7,309033403.6,772936513.5,1.461619105,230.5812419,136.1481199,143624.1404,19162.88036,0.181793865,0.7468,2300000000000.0,371501862.9,344956176.6,728290436.7,1.431182264,221.8935584,131.3507589,125488.5468,18091.40143,0.180884828,0.8132,2290000000000.0,368611705.0,313458058.5,595473524.8,1.378562793,226.2841629,131.889835,123816.9322,17938.44483,0.180602367,0.8836,2280000000000.0,357447331.6,310821000.6,586019250.4,1.283706058,228.6034626,131.9183583,148851.9833,19423.08134,0.180648953,0.9512,2290000000000.0,370804412.8,348423524.9,734349469.2,1.212074889,228.889501,130.9190272,130681.5065,18344.38376,0.180726689,1.02,2290000000000.0,367925636.4,316107197.3,616428438.6,1.150423391,230.7127302,131.4869512,126653.5882,18089.57086,0.179861813,1.0864,2280000000000.0,365512275.3,313854677.4,583423616.1,1.113472693,233.7594288,133.6075713,127208.0843,18163.45703,0.179908375,1.1552,2280000000000.0,367779121.8,316965805.8,582463049.4,1.090184663,222.085053,126.5783024,151740.5263,19703.67722,0.179763645,1.2184,2280000000000.0,374593431.2,310275998.1,769804660.7,1.093756228,209.0246819,126.8839525,153143.371,19883.67923,0.179484998,1.2848,2280000000000.0,377032386.3,349844038.1,724629577.1,1.085178667,227.7134146,135.8631869,130760.6133,18462.3045,0.17946851,1.3512,2280000000000.0,368940116.3,312047656.8,586968446.1,1.089074531,221.1975146,132.0907687,160325.3008,20348.71042,0.179092642,1.4216,2270000000000.0,382670185.8,347736248.4,758128380.8,1.079423125,220.9762597,134.0863362,163581.5642,20544.79979,0.1795625,1.4952,2280000000000.0,376548118.8,313807213.1,828850096.4,1.066580691,227.4037847,134.0693088,166683.9898,20871.39177,0.179617129,1.5596,2280000000000.0,380752860.1,322417320.8,838432280.1,1.027366246,221.6338637,133.9238679,168107.7115,21001.3562,0.178385579,1.628,2260000000000.0,375649064.5,350569493.8,787081628.9,1.031549325,224.298989,133.7508516,134421.1996,18762.91449,0.177868632,1.6972,2270000000000.0,358338002.9,304398052.6,582314073.9,1.048205919,228.4512606,134.1905969,167560.3188,20961.24695,0.17858656,1.7616,2280000000000.0,371996845.5,351410495.8,765765944.9,1.047295756,247.8621604,141.2973489,167509.008,20840.26824,0.178854556,1.8264,2280000000000.0,374113753.3,311285127.7,811022447.8,1.011127318,232.449885,135.9062272,0.0,0.0,0.0,0.0,0.0,0.0,0.0,0.0,0.0,0.0,0.0,0.0,0.0,0.0,0.0,0.0,0.0,0.0,0.0,0.0,0.0,0.0,0.0,0.0,0.0,0.0,0.0,0.0,0.0,0.0,0.0,0.0,0.0,0.0,0.0,0.0,0.0,0.0,0.0,0.0,0.0,0.0,0.0,0.0,0.0,0.0,0.0,0.0,0.0,0.0,0.0,0.0,0.0,0.0,0.0,2.885,1396.9,0.65218836
25,20,214960.7444,27034.10195,0.163981303,0.262,2140000000000.0,377934039.6,329701635.7,862589193.8,1.140241588,243.1885425,149.2321331,170331.8189,23289.7429,0.164419689,0.3224,2150000000000.0,372492631.6,325022490.0,610198344.1,1.167177324,238.5791944,138.9240718,207227.7845,26228.32376,0.164260498,0.3888,2150000000000.0,380554990.7,319165654.3,817191223.1,1.12512283,232.5557299,142.4334294,171612.2236,23191.79675,0.163817815,0.4548,2150000000000.0,365601875.1,322410560.6,614168906.7,1.195225883,235.2207229,135.3994384,213124.2059,26692.81389,0.163808028,0.5164,2140000000000.0,379377104.0,324910689.3,834802728.4,1.067375646,249.4262741,146.2525507,214794.7197,26800.269,0.163552599,0.5796,2140000000000.0,380855199.9,332830957.0,850782761.2,1.033759561,242.6903111,148.6272367,169695.3465,22910.52695,0.163989969,0.6488,2160000000000.0,363998113.7,310095446.8,591075825.8,1.043720742,234.1528113,134.9886739,176017.8797,23355.2315,0.164253248,0.7168,2160000000000.0,369155628.1,318984185.7,622876591.2,1.071993076,228.122248,134.2917135,172768.5924,23024.30618,0.163758257,0.7868,2150000000000.0,373354280.5,323270134.1,613015197.8,1.064318184,231.8382129,136.5393079,209404.0697,26021.51219,0.163604002,0.8576,2140000000000.0,382337465.5,318061231.7,806503753.9,0.999241552,226.8872732,138.497304,214003.333,26290.43463,0.162921128,0.928,2130000000000.0,381406969.9,319627559.5,811310592.3,1.026815502,223.6617383,138.9244156,224637.5486,27305.48964,0.162980664,0.9932,2130000000000.0,377503295.2,325316988.7,882514740.1,1.033345776,232.2397363,139.912835,178913.2816,23246.16697,0.163422919,1.0644,2150000000000.0,364018526.5,320046054.9,618252494.9,0.994815337,235.4172822,136.9911444,221788.0426,26895.92007,0.162477187,1.1292,2120000000000.0,385235344.5,326658573.1,842111265.8,1.007673967,233.4603909,136.686202,221217.4392,26661.09673,0.162593597,1.1964,2130000000000.0,376612515.9,316882726.4,816229527.9,0.981349182,237.1018068,134.8658472,179212.1632,23026.60658,0.162690984,1.26,2140000000000.0,365061644.0,322664604.1,603249201.2,0.970614875,234.368272,137.6250227,225529.067,26990.0108,0.162569314,1.328,2130000000000.0,387637963.5,355355548.1,802614751.7,1.002776148,243.0462521,142.0168273,227350.5739,27147.84182,0.161643295,1.3924,2110000000000.0,384986518.1,369222230.7,796374416.6,0.95592781,236.1582848,137.6892942,222065.6551,26573.34693,0.161861788,1.4624,2120000000000.0,378009280.8,361387494.8,763387150.4,0.953173924,243.9544755,141.0107508,228566.429,27213.28875,0.161813816,1.5308,2120000000000.0,388950145.6,323474221.3,822604363.2,0.90893107,240.2190216,141.6927089,236217.1287,27869.79404,0.162517921,1.5972,2130000000000.0,379124927.9,326357852.8,881921120.0,0.933586478,228.499267,134.7134151,233427.8842,27497.47279,0.16131617,1.668,2120000000000.0,391685105.1,364547305.6,805083854.5,0.905657316,229.732784,137.405102,237812.753,28026.83115,0.160802873,1.7368,2110000000000.0,381899564.8,335396110.5,870158263.9,0.949339771,235.6447923,141.0990539,238079.8024,27997.78868,0.161295286,1.802,2110000000000.0,380363178.1,371107102.3,821238197.2,0.935837526,226.3530724,134.4939339,187095.5004,23118.69135,0.161157413,1.8668,2110000000000.0,370196905.4,319836769.9,594514696.0,0.811411222,227.0175288,137.78293,0.0,0.0,0.0,0.0,0.0,0.0,0.0,0.0,0.0,0.0,0.0,0.0,0.0,0.0,0.0,0.0,0.0,0.0,0.0,0.0,0.0,0.0,0.0,0.0,0.0,0.0,0.0,0.0,0.0,0.0,0.0,0.0,0.0,0.0,0.0,0.0,0.0,0.0,0.0,0.0,0.0,0.0,0.0,0.0,0.0,0.0,0.0,0.0,0.0,0.0,0.0,0.0,0.0,0.0,0.0,2.839,15515.0,0.664541554
25,30,208561.2197,26762.99726,0.165180602,0.3072,2150000000000.0,385904393.2,368021606.1,805646077.6,1.265720144,272.1795904,156.2024057,168506.2764,23302.24389,0.164701651,0.3804,2140000000000.0,358528218.8,320089936.1,614197032.6,1.208538479,224.9521835,133.0542577,210469.8112,26711.66361,0.165321294,0.4484,2150000000000.0,381438602.3,326093889.8,856972090.3,1.27147894,249.0798311,142.2665082,206868.8449,26286.55086,0.164707601,0.5136,2140000000000.0,370726393.7,326721028.7,845333883.3,1.204352461,234.9020567,137.0236888,167514.7113,23055.87992,0.165122129,0.5812,2160000000000.0,362805684.6,317209187.9,617648517.1,1.118664429,248.7510614,157.7533141,202326.0279,25888.92449,0.163961164,0.6424,2130000000000.0,378195399.2,364213003.0,767047389.7,1.08891275,214.8367848,129.6307037,166679.4362,22946.14025,0.164124264,0.712,2140000000000.0,367137037.6,320624154.1,601830877.4,1.105255339,227.5224835,131.7611832,168196.373,23061.71193,0.164595958,0.7788,2150000000000.0,367026603.5,325239568.0,607747335.1,1.098033915,221.0653277,132.0221993,166028.7697,22766.81813,0.164711851,0.8456,2150000000000.0,368300551.4,319124058.8,608130214.9,1.065439572,233.0103522,137.7473031,211253.5851,26336.89715,0.164117582,0.9192,2140000000000.0,376075243.6,363785935.1,815424343.5,1.057199902,225.9003041,134.8554771,168860.3483,22772.50785,0.164573787,0.9852,2160000000000.0,364418825.6,317210565.6,601682256.1,1.053565016,229.9690147,135.6903577,217572.8324,26844.93667,0.163796189,1.056,2140000000000.0,378447429.2,330779253.5,861869891.1,1.042681838,225.5000428,135.9217515,220639.6091,27043.34022,0.163511419,1.1252,2130000000000.0,384645802.3,358029415.8,833934174.2,1.021234885,245.8751424,137.3185322,174134.2435,22978.36108,0.164243343,1.192,2160000000000.0,372033683.1,321741745.4,609156538.0,1.024291013,219.1861814,130.8768621,225735.1809,27438.36294,0.163348444,1.2564,2140000000000.0,372108941.3,331501320.3,880179843.5,1.008404448,246.278364,141.4597921,224256.3799,27167.0931,0.163436757,1.3188,2130000000000.0,374454284.2,354323925.9,822994177.8,1.028537135,235.8450573,138.2871757,216048.715,26412.22479,0.162942595,1.3856,2130000000000.0,389020651.3,367302802.5,782055372.2,1.028906908,222.021023,132.9081889,222928.4152,26956.52125,0.16358341,1.4528,2130000000000.0,379726731.6,362052094.0,797819157.3,1.019184139,227.2110263,136.1830599,221984.592,26800.82623,0.163110018,1.522,2130000000000.0,374993773.2,365858364.7,791290149.3,1.021762731,222.1029729,134.4783241,225161.9992,27080.55327,0.16310114,1.5896,2130000000000.0,381777002.8,360323925.9,812464729.7,0.990476516,217.9154456,134.0879337,180324.5074,23088.88038,0.16270996,1.6576,2130000000000.0,370068190.0,317846509.9,613343648.3,1.014813075,243.1336705,139.0371252,181588.0344,23154.96103,0.162682735,1.7292,2130000000000.0,362423290.1,319259080.4,611630382.9,0.966680379,231.7606416,134.4504553,224179.0749,26855.45719,0.162289306,1.7996,2120000000000.0,379461584.5,371690509.8,784125280.0,0.992290516,229.9041597,138.1649648,230945.3617,27317.01566,0.162045355,1.8636,2120000000000.0,371287284.9,327045599.7,841048478.7,0.896377173,229.0247887,138.1175883,183263.3365,23005.68836,0.16263689,1.9276,2130000000000.0,371077098.6,316023322.6,618028174.8,0.909775016,232.0514421,138.021278,0.0,0.0,0.0,0.0,0.0,0.0,0.0,0.0,0.0,0.0,0.0,0.0,0.0,0.0,0.0,0.0,0.0,0.0,0.0,0.0,0.0,0.0,0.0,0.0,0.0,0.0,0.0,0.0,0.0,0.0,0.0,0.0,0.0,0.0,0.0,0.0,0.0,0.0,0.0,0.0,0.0,0.0,0.0,0.0,0.0,0.0,0.0,0.0,0.0,0.0,0.0,0.0,0.0,0.0,0.0,3.048,23111.0,0.711196562
25,40,208674.3262,26738.56004,0.164511758,0.326,2140000000000.0,384649925.0,369578443.3,812826670.7,1.205772327,249.3530591,158.6951525,166735.7002,23150.89742,0.165322853,0.3812,2160000000000.0,365699108.5,318625682.1,612281883.6,1.216137417,229.6338953,136.2289033,169948.1183,23388.62867,0.165018046,0.4524,2150000000000.0,364961794.9,319927671.0,617927299.7,1.244841632,229.4872771,137.2883106,168399.8202,23193.87377,0.164641245,0.5168,2150000000000.0,364833078.0,325619339.9,610478150.2,1.154453064,232.0178404,135.3720174,217835.7581,27337.30923,0.165142258,0.5816,2150000000000.0,380630708.7,369242498.7,854778323.5,1.077192659,233.3480522,139.2165357,205480.3257,26006.30756,0.164781033,0.6452,2150000000000.0,379399334.6,359451787.7,778930845.8,1.066139848,248.0604252,142.4455202,168256.4474,22928.02789,0.164974384,0.7148,2160000000000.0,354809034.8,323428507.7,603912732.7,1.109909408,240.745102,141.5842687,169705.7037,23002.53451,0.164614349,0.7804,2150000000000.0,368113406.7,316801349.0,608449548.8,1.114879263,247.3488477,137.3269071,211517.718,26485.9242,0.16393317,0.8476,2140000000000.0,388866260.1,368350910.0,800184102.8,1.085370262,225.4735359,136.6352557,219906.1668,27088.32169,0.164940327,0.9184,2160000000000.0,381859179.0,329833667.8,886389622.9,1.052767649,222.0213926,133.8604818,212440.5583,26305.78838,0.164139138,0.9864,2140000000000.0,383841668.4,364547816.4,785305124.2,1.038406605,233.2088984,138.8466855,220600.797,27067.61268,0.163586115,1.0552,2140000000000.0,383823078.0,365431845.7,827178646.1,1.059073951,227.8903508,138.0083057,172953.0298,22934.87939,0.163688821,1.1248,2140000000000.0,366794532.9,322947229.9,602885606.4,1.049492526,224.791756,133.5874432,175871.9841,23168.70806,0.164042641,1.1928,2150000000000.0,371482029.8,324836411.3,622745719.4,1.02323288,230.802935,134.7421907,224886.4536,27163.91757,0.162937982,1.2564,2130000000000.0,380501228.9,353690290.1,827865161.2,1.046576912,235.8228894,139.9002827,179812.5092,23301.70052,0.163812149,1.3216,2150000000000.0,366257768.1,321871668.4,616630522.6,1.063881069,227.1181303,136.2625301,221724.6826,26847.43137,0.163493378,1.388,2140000000000.0,379743802.0,360218864.8,799272502.5,1.052643422,245.1648131,141.4088811,226084.6864,27215.58495,0.163523061,1.454,2140000000000.0,377912172.2,326296094.5,856789725.5,1.008387054,239.2026788,144.2984985,229785.3385,27442.53756,0.163257509,1.5244,2140000000000.0,380984564.3,328314157.5,870741297.1,0.981130619,233.9311484,137.8098944,226850.8944,27236.72174,0.163131943,1.5916,2130000000000.0,375734338.5,369840314.5,832468642.4,0.966617502,238.0657146,141.8404287,182398.888,23215.9121,0.162316336,1.6612,2130000000000.0,373778506.0,323464882.2,605443353.6,0.927159203,243.2516164,142.6056597,234414.9106,27880.29463,0.162261276,1.7296,2130000000000.0,376840118.0,334489296.0,868701206.3,0.960882537,235.2956003,142.5256021,183278.4409,23089.52766,0.163116295,1.7984,2150000000000.0,363011066.6,325097955.9,609058970.1,0.968701961,238.9603477,138.7757315,185084.6697,23152.48466,0.162774301,1.8632,2140000000000.0,372248790.7,321351549.7,616071987.0,0.899518533,222.3810828,133.1475932,181318.6979,22755.16385,0.162472558,1.928,2130000000000.0,370162461.3,319474867.2,600728043.5,0.915891409,234.8773975,138.959089,0.0,0.0,0.0,0.0,0.0,0.0,0.0,0.0,0.0,0.0,0.0,0.0,0.0,0.0,0.0,0.0,0.0,0.0,0.0,0.0,0.0,0.0,0.0,0.0,0.0,0.0,0.0,0.0,0.0,0.0,0.0,0.0,0.0,0.0,0.0,0.0,0.0,0.0,0.0,0.0,0.0,0.0,0.0,0.0,0.0,0.0,0.0,0.0,0.0,0.0,0.0,0.0,0.0,0.0,0.0,3.001,30426.0,0.720978335
25,50,204243.4193,26726.89099,0.166551865,0.3204,2150000000000.0,389425491.5,334199740.9,875471229.5,1.312583921,235.1185902,148.106894,197513.0458,25763.36797,0.166206551,0.38,2160000000000.0,372262931.1,312820652.2,816701832.7,1.25435505,235.6940935,142.0707141,156718.4383,22646.03705,0.166334422,0.4492,2160000000000.0,362080481.5,311704296.9,592643939.0,1.272131905,233.8385716,138.2429325,160928.3903,22938.31706,0.166439123,0.514,2170000000000.0,368579378.2,325050964.9,599049798.2,1.220924212,237.9392734,138.9960944,200811.4157,26018.10615,0.166466228,0.582,2160000000000.0,373948502.3,347228892.9,797349577.0,1.111040122,235.0053868,137.2070911,157639.2706,22656.38956,0.166933864,0.6464,2180000000000.0,366828573.5,306939374.2,606209788.8,1.117847632,218.7885969,133.1966115,158205.8402,22600.2014,0.165456583,0.7112,2150000000000.0,362202570.7,320405582.8,579999306.3,1.148546509,230.7028549,134.5116567,160383.8368,22634.93536,0.166352819,0.7812,2170000000000.0,378973567.4,310773102.2,601683424.0,1.140055388,241.3535883,138.1495803,207097.8293,26398.12996,0.16552626,0.8496,2150000000000.0,387807146.8,330050140.7,865472927.4,1.144855885,243.4665702,140.9349752,163258.3947,22727.00552,0.165850398,0.9176,2170000000000.0,364216308.8,315937553.1,608303516.9,1.054963919,228.5278295,139.0612011,209685.7429,26325.24259,0.165951063,0.9876,2170000000000.0,381746656.8,320769693.9,856826382.7,1.067717626,236.6460319,137.9756934,215611.4354,26876.68178,0.165616056,1.0524,2160000000000.0,381633365.1,324057739.5,879004448.6,1.063845566,239.725748,142.8648753,219091.0087,27040.89232,0.165295053,1.1244,2160000000000.0,387588903.7,358341735.6,849663163.9,1.099831038,240.2776917,144.8731304,167647.7179,22716.86514,0.166098587,1.1888,2170000000000.0,374855702.5,319126990.7,611632433.5,1.054638623,222.5283362,132.9590142,214097.7087,26539.01245,0.164968717,1.2596,2150000000000.0,378082025.6,325533240.3,849384176.7,1.050936769,226.8430095,139.7870325,217414.4466,26766.84778,0.164198555,1.3204,2140000000000.0,366405176.1,327636232.2,868390028.5,1.060278257,226.1901143,133.0981747,168906.8165,22593.94284,0.165156394,1.3872,2170000000000.0,360097107.8,314937911.0,604338570.9,1.054364923,244.6515329,140.8144322,171181.6803,22691.71937,0.164306249,1.4556,2150000000000.0,364775245.1,327846982.2,597898635.1,1.041078197,230.4962787,140.0820774,174261.7515,22759.7172,0.164123091,1.5224,2150000000000.0,360695540.9,313004901.2,613496140.7,0.983028636,235.6591789,136.3154311,228589.0694,27593.64599,0.164083124,1.5944,2140000000000.0,388376718.0,366838304.3,863922885.1,0.99266849,253.4356779,148.2593372,178324.5971,23018.57945,0.164181676,1.66,2150000000000.0,362680750.2,321339148.5,607609823.3,0.995206359,221.2790145,136.4947643,181584.9322,23175.94421,0.163583918,1.726,2150000000000.0,365574028.6,328090785.4,627673419.0,0.975692818,243.4533934,145.5267667,177796.5289,22757.79976,0.163885697,1.7968,2140000000000.0,372305863.4,323524147.4,607670212.1,0.98671436,233.6110519,137.7053811,175891.1541,22434.31322,0.164306287,1.8624,2150000000000.0,372925037.0,313407788.4,603041993.7,0.856544469,224.4762581,132.6684731,178744.0549,22607.42789,0.163974747,1.926,2150000000000.0,366134951.3,317153443.6,605667086.0,0.889918014,228.886914,133.8813343,0.0,0.0,0.0,0.0,0.0,0.0,0.0,0.0,0.0,0.0,0.0,0.0,0.0,0.0,0.0,0.0,0.0,0.0,0.0,0.0,0.0,0.0,0.0,0.0,0.0,0.0,0.0,0.0,0.0,0.0,0.0,0.0,0.0,0.0,0.0,0.0,0.0,0.0,0.0,0.0,0.0,0.0,0.0,0.0,0.0,0.0,0.0,0.0,0.0,0.0,0.0,0.0,0.0,0.0,0.0,2.991,38864.0,0.717728761
25,60,150311.2692,22671.9861,0.169165478,0.2716,2190000000000.0,366173245.6,317974995.2,599292826.3,1.354497011,234.9841463,148.7290847,193050.0277,25869.45881,0.168859079,0.3284,2180000000000.0,378458666.2,356213359.0,822545243.0,1.31193767,246.1506032,137.1856518,189299.9866,25333.17742,0.168916908,0.3872,2190000000000.0,373871362.3,360245870.8,804368898.4,1.202280521,234.8082026,142.392964,151287.1463,22396.40966,0.168950591,0.4564,2200000000000.0,375275638.6,317929153.8,600155044.3,1.160240815,224.1241319,135.3050324,193777.5082,25359.28046,0.16870894,0.522,2200000000000.0,373800429.1,358423103.6,818915445.1,1.084518454,235.210605,139.3833111,157159.3088,22399.20602,0.168274812,0.5876,2190000000000.0,372587745.5,321534072.1,602157560.5,1.001887031,223.598994,133.988528,198299.2816,25429.81937,0.16680283,0.6524,2170000000000.0,380400347.8,320237132.7,836471055.3,1.049315955,233.9834294,139.4249288,204264.9946,25806.88505,0.166116905,0.7192,2170000000000.0,373870568.3,357325007.6,812832006.6,1.077096103,221.4951612,137.1012811,203056.2563,25564.70954,0.165331152,0.7896,2150000000000.0,380097523.5,358009955.2,781696344.2,1.01634621,243.8548201,140.3138311,214277.1414,26524.18375,0.16566054,0.8572,2160000000000.0,381577730.3,350642450.9,838595458.1,0.956174386,237.3069417,142.659784,166919.1266,22497.5565,0.164909205,0.9272,2160000000000.0,363666254.2,324850900.4,598155570.1,0.934569022,228.6480784,135.5130854,172335.7443,22926.73508,0.164291606,0.9984,2150000000000.0,376569620.5,329418003.6,615129606.6,0.93258785,222.8245077,136.3227706,174787.1789,22937.7804,0.164042953,1.0616,2150000000000.0,369168823.6,316885709.6,609699192.4,0.952494364,230.3023715,134.1686479,175377.5638,22885.25384,0.164101597,1.134,2150000000000.0,365540360.9,315151426.1,612179024.4,0.968058983,231.8658727,135.657758,225981.8034,27236.18859,0.163756859,1.1972,2150000000000.0,385194846.9,329045559.6,886511308.9,0.98856479,231.7669992,137.7124106,177187.0683,22793.79728,0.16323062,1.256,2140000000000.0,365913926.6,316224451.3,603956922.0,0.988508528,230.7386611,141.0202358,237623.9162,28267.64302,0.163107103,1.3264,2130000000000.0,383930590.3,363625329.5,877975902.9,0.959823901,241.5440959,141.2280595,237910.0665,28046.4831,0.163567465,1.3924,2150000000000.0,381848989.2,319294926.2,890721535.6,0.926446511,254.9847018,144.8373158,181760.917,23067.44585,0.162607699,1.4596,2140000000000.0,375010571.1,328296484.2,606843596.6,0.873573224,222.7100137,134.4802452,238471.1868,27965.50812,0.162295808,1.5312,2140000000000.0,379425056.8,363501047.0,846366194.0,0.840682859,228.9841466,136.0455493,186355.5588,23248.16418,0.162349838,1.598,2140000000000.0,366693910.4,320659024.2,628387013.2,0.779910488,230.3544949,137.0521619,184200.8827,22896.41668,0.162061497,1.6632,2140000000000.0,367533092.7,324705603.6,603482511.8,0.715966337,251.5694628,143.4916008,247101.1216,28927.81243,0.161271154,1.7376,2130000000000.0,390079502.8,378818127.8,883212148.7,0.776780986,241.0827514,142.7155663,191081.9093,23492.41018,0.161766705,1.802,2140000000000.0,369949349.6,325047004.9,616867803.0,0.760182844,229.6841752,136.3633677,191396.1266,23275.09651,0.161352846,1.8636,2130000000000.0,364570763.8,325212825.0,612016411.3,0.628111641,234.1997699,136.7655145,0.0,0.0,0.0,0.0,0.0,0.0,0.0,0.0,0.0,0.0,0.0,0.0,0.0,0.0,0.0,0.0,0.0,0.0,0.0,0.0,0.0,0.0,0.0,0.0,0.0,0.0,0.0,0.0,0.0,0.0,0.0,0.0,0.0,0.0,0.0,0.0,0.0,0.0,0.0,0.0,0.0,0.0,0.0,0.0,0.0,0.0,0.0,0.0,0.0,0.0,0.0,0.0,0.0,0.0,0.0,2.934,46089.0,0.727597176
25,70,146313.794,22335.00184,0.169903719,0.4036,2190000000000.0,370008466.1,311123684.1,598554513.2,1.356211145,231.8847407,158.865044,184849.9919,25073.08146,0.170037821,0.4628,2190000000000.0,379190166.9,359509232.0,795481370.0,1.390102902,223.6056077,134.1388341,183256.2778,24903.08141,0.169995738,0.5288,2190000000000.0,381089128.6,319722791.3,823155913.2,1.348995738,247.1428068,142.9433356,147646.4267,22224.64178,0.169917671,0.596,2190000000000.0,372899330.7,313913357.1,598267770.1,1.289004186,225.4464116,132.9185007,148043.4334,22271.19685,0.169220965,0.6596,2180000000000.0,368341457.7,319107756.5,591243155.6,1.261275722,214.5429018,130.7628971,147852.5476,22328.79087,0.170112346,0.724,2200000000000.0,368003326.4,315588666.7,592427718.7,1.30118481,223.633947,136.4699263,148836.2263,22312.50259,0.1697442,0.7892,2200000000000.0,373838966.4,310884641.9,593355125.6,1.258263644,230.7087512,134.4380675,190582.3968,25217.31367,0.16977121,0.8572,2190000000000.0,376160894.9,315307844.5,845539498.8,1.253246855,234.4428643,137.9699893,192037.5343,25291.56631,0.168505002,0.9272,2180000000000.0,381404914.8,348998387.3,803701581.9,1.189562395,223.9069492,132.5157679,154843.3811,22529.32022,0.168833216,0.9936,2190000000000.0,367246217.6,318999372.4,620864351.5,1.156600257,218.9401283,131.7580866,197357.8755,25575.22283,0.168406967,1.0632,2180000000000.0,373024135.9,352621567.1,827669690.2,1.117888122,234.627828,139.3939394,154546.9273,22300.9175,0.168235556,1.1324,2180000000000.0,365475730.9,321996461.7,592160540.5,1.147785826,232.545165,140.5465507,154708.3476,22271.99348,0.168532479,1.2008,2190000000000.0,362847088.1,311792566.1,609779447.0,1.117154508,241.554078,133.1571245,199910.0527,25658.06607,0.167459136,1.2672,2160000000000.0,376448316.6,319442894.1,845430436.5,1.149201543,232.5087848,136.712799,196486.0883,25406.26206,0.167512213,1.332,2170000000000.0,379519931.8,320711150.7,824008523.0,1.128725591,232.9599862,136.8779542,161330.6797,22566.96155,0.167167662,1.396,2170000000000.0,374656233.1,323254958.8,612271219.7,1.132469201,223.1144554,132.3746991,196516.921,25172.51137,0.167718725,1.4628,2180000000000.0,378205547.4,314897619.2,802241877.0,1.097422299,217.6006576,135.2371015,205268.9648,25826.14696,0.167294803,1.5284,2170000000000.0,380911469.8,360205506.8,822217359.9,1.102008401,230.4839618,135.5351856,158633.4225,22150.70651,0.167747316,1.5988,2170000000000.0,356996210.8,319162120.7,583246478.6,1.040548249,217.9906075,130.7790487,163403.174,22425.32096,0.166620423,1.6664,2170000000000.0,368360564.3,317893212.8,605740412.8,1.007115337,228.1327102,134.8137028,210325.7279,26090.24845,0.167124882,1.7372,2180000000000.0,377647936.8,345005124.0,795261150.4,1.074760156,236.3837505,136.9107498,163737.3761,22325.17786,0.166965735,1.8044,2180000000000.0,370495860.3,312919765.0,602235824.1,1.059413737,224.6087339,134.0941056,214005.5665,26297.90929,0.166418274,1.872,2160000000000.0,385069671.9,355385634.9,829071841.2,0.92381563,236.2375816,142.2051722,213280.7596,26131.97707,0.166177012,1.938,2160000000000.0,386800524.4,349436450.6,809064143.2,0.93872365,232.9731107,137.5980134,208895.2607,25691.67341,0.165946593,2.0028,2150000000000.0,370370975.7,358987842.7,776979620.3,0.970175718,227.555679,137.6579726,0.0,0.0,0.0,0.0,0.0,0.0,0.0,0.0,0.0,0.0,0.0,0.0,0.0,0.0,0.0,0.0,0.0,0.0,0.0,0.0,0.0,0.0,0.0,0.0,0.0,0.0,0.0,0.0,0.0,0.0,0.0,0.0,0.0,0.0,0.0,0.0,0.0,0.0,0.0,0.0,0.0,0.0,0.0,0.0,0.0,0.0,0.0,0.0,0.0,0.0,0.0,0.0,0.0,0.0,0.0,3.23,45576.0,0.735209774
25,80,180164.9059,24642.61327,0.170217822,0.348,2190000000000.0,371863422.7,362730217.7,766098505.7,1.294253785,237.0356939,154.6763681,145702.7222,22112.0516,0.170958983,0.406,2210000000000.0,371805243.7,312356244.2,607708517.4,1.276144922,225.4357654,133.4572459,178248.6303,24168.8672,0.170238525,0.4752,2190000000000.0,375014649.0,351929106.4,777195483.9,1.197459711,232.4203663,135.7541362,144968.6187,21845.99496,0.170429304,0.5428,2200000000000.0,367573817.3,313150184.0,603408063.8,1.118834895,221.0327589,134.8125964,180483.1756,24219.93847,0.169949984,0.6108,2200000000000.0,374925812.9,324643701.0,812606215.8,1.09023691,235.1416258,137.2945892,147772.4227,21855.49925,0.1689526,0.6728,2180000000000.0,367310226.2,322116700.0,586190305.6,1.188783402,238.2435077,138.332679,148793.0707,21794.58681,0.169245167,0.7388,2190000000000.0,360671029.9,311340999.2,592456633.1,1.169032167,215.2479166,131.1314477,192397.5853,24949.71773,0.168068113,0.8036,2180000000000.0,372001238.1,355246167.7,813697401.7,1.098439147,229.9079523,139.0998535,156183.7715,22085.23807,0.168288192,0.8744,2190000000000.0,373640777.9,316178688.1,605873353.4,1.034450774,231.4363601,136.6154152,160364.3561,22348.76141,0.16739746,0.9424,2170000000000.0,369276692.0,325391064.8,611208279.1,1.009911113,240.6342578,139.2909428,159879.2229,22167.17075,0.166824569,1.0132,2170000000000.0,365479355.1,313965900.1,604214476.5,0.997347713,230.5083297,136.3749781,204826.6887,25485.69838,0.165451878,1.0808,2150000000000.0,370843089.7,324409696.3,814395378.1,0.984779197,234.3629531,140.8445075,207661.8157,25590.95759,0.165244537,1.1492,2150000000000.0,377176903.9,359002978.4,802190040.0,0.935431909,229.4055744,137.0809447,167644.3282,22185.9174,0.164930134,1.214,2150000000000.0,360063790.7,323719424.6,591963250.4,0.960807174,223.4251537,132.8700697,213553.1059,25719.26048,0.164333047,1.2788,2150000000000.0,381343949.0,354704703.5,804544453.1,0.912376449,231.381502,138.2608612,220212.8494,26235.13851,0.163280295,1.3408,2130000000000.0,373077926.9,356718317.7,817010884.3,0.873391863,224.5711554,135.7052827,174832.1331,22226.76701,0.162763121,1.4036,2140000000000.0,365546571.7,315257540.6,597560525.0,0.900551122,224.590533,132.6762488,227310.2328,26655.77958,0.162040485,1.4688,2130000000000.0,378103420.1,367415780.9,816143674.3,0.870235949,239.5560103,143.5594948,224071.7737,26160.6179,0.161656816,1.5364,2120000000000.0,382092041.7,371042223.9,789082503.3,0.766957967,230.5791488,139.3488517,183053.1974,22507.82128,0.161207861,1.6028,2120000000000.0,363321326.3,319898192.7,607058045.1,0.72296292,237.0843599,135.8313454,186251.3697,22614.64158,0.161087911,1.6676,2120000000000.0,360809982.4,325314789.1,598844129.0,0.703792533,226.9812721,139.1823505,188033.9001,22638.97757,0.159732134,1.7396,2100000000000.0,369341665.1,323938172.6,602358836.6,0.701603335,233.00183,141.9648355,190631.261,22717.15507,0.160444801,1.8,2120000000000.0,360538628.0,326427166.7,604384018.4,0.663736689,229.6458752,134.3353796,255225.7471,28942.40001,0.159825949,1.8664,2110000000000.0,383651141.8,372981458.7,860713289.8,0.549020076,222.5032067,135.513589,253893.3227,28628.33416,0.159210242,1.9264,2110000000000.0,384101456.0,331861983.7,883458427.7,0.517763444,246.4743593,146.0852592,0.0,0.0,0.0,0.0,0.0,0.0,0.0,0.0,0.0,0.0,0.0,0.0,0.0,0.0,0.0,0.0,0.0,0.0,0.0,0.0,0.0,0.0,0.0,0.0,0.0,0.0,0.0,0.0,0.0,0.0,0.0,0.0,0.0,0.0,0.0,0.0,0.0,0.0,0.0,0.0,0.0,0.0,0.0,0.0,0.0,0.0,0.0,0.0,0.0,0.0,0.0,0.0,0.0,0.0,0.0,3.029,62577.0,0.733370077
25,90,171901.7044,23708.21165,0.174118937,0.3248,2240000000000.0,378719277.4,323259030.1,834253030.7,1.24889671,238.8995721,157.715651,169271.0913,23365.30314,0.17329603,0.3848,2230000000000.0,372299235.8,349639594.9,766620851.7,1.240226194,226.7731606,139.1157181,139025.7457,21209.65848,0.173268834,0.4528,2230000000000.0,370993289.4,323090859.6,595698659.1,1.128905088,241.1766143,145.9605035,138126.933,20951.70027,0.172776165,0.5244,2230000000000.0,376915779.2,308540696.0,596755536.5,0.982614263,223.2901981,132.646854,139644.3336,20990.67921,0.171276311,0.5892,2210000000000.0,372707691.1,304251487.9,588624307.4,1.03275133,222.2248777,135.0740396,181284.0989,23786.72597,0.170490527,0.6516,2200000000000.0,375940162.0,356528830.9,789787331.2,1.017950131,232.6643567,137.6314306,147669.6985,21332.10802,0.169836523,0.716,2200000000000.0,363124125.7,323383060.4,594415553.1,0.995599029,222.1060054,132.6335973,150438.0707,21435.50395,0.169071299,0.7852,2200000000000.0,369636143.8,325181848.9,597305874.9,0.936467354,225.8048835,133.5976337,152717.0194,21497.13541,0.167813337,0.8552,2180000000000.0,368206015.4,313190075.9,591897117.8,0.911644104,248.4771166,141.4185182,189755.9707,24141.10902,0.167845535,0.9224,2180000000000.0,378168341.7,358686396.3,777770381.9,0.853005918,220.0951864,132.8706767,157538.7576,21621.16947,0.166760315,0.99,2180000000000.0,371780777.3,314386278.5,603601168.6,0.880855794,232.8683833,138.5279447,198979.7065,24762.78468,0.166361049,1.0596,2170000000000.0,380358913.3,361962277.9,783261642.2,0.860865429,235.864456,139.77452,163681.4991,21847.43948,0.165805981,1.1244,2170000000000.0,364987897.6,310383426.8,606444277.4,0.841717113,222.1292152,132.9528173,166750.7327,21923.8615,0.165201341,1.1908,2170000000000.0,372029517.3,316032083.5,608617833.1,0.821447401,228.5925312,132.4899371,169353.306,21956.17151,0.164388232,1.2528,2160000000000.0,366168908.0,323557599.6,603461876.6,0.807496753,223.6888873,136.9700889,169331.4676,21780.43147,0.164109754,1.3176,2150000000000.0,359899206.0,316232710.4,601856493.6,0.779075114,236.856401,137.6025429,222109.0687,26160.11568,0.163098887,1.3784,2140000000000.0,377770102.0,355598174.2,793120297.6,0.72872919,241.9295002,141.3163596,222845.1955,26033.07753,0.162595861,1.4464,2140000000000.0,381263560.9,359383960.9,802573281.9,0.688218959,240.3849511,142.6425752,227439.9158,26341.6972,0.16247672,1.508,2150000000000.0,388211609.2,355253528.9,803026210.3,0.672046511,237.9872109,144.3125228,230305.2805,26477.00684,0.162479687,1.58,2150000000000.0,376002361.4,317015414.1,837125065.5,0.609904543,229.358181,138.9783776,182764.605,22123.36276,0.160915754,1.6432,2130000000000.0,374824326.4,318467922.9,603620218.7,0.502075881,239.621509,142.3563367,189451.5932,22698.34409,0.160459813,1.71,2130000000000.0,368504193.2,331494365.2,604041801.4,0.458087199,243.8960721,140.4997914,190622.8698,22637.93868,0.160275541,1.7756,2120000000000.0,370654334.5,319634229.0,618084192.5,0.535170695,240.5317619,135.1735369,238738.936,26863.32217,0.16000701,1.8396,2120000000000.0,384795953.1,356796851.0,775007778.9,0.435711556,225.3873298,139.133248,257682.6555,28841.32224,0.15972517,1.8992,2120000000000.0,371837982.9,326488946.5,896526425.4,0.358793388,233.6649834,143.0532629,0.0,0.0,0.0,0.0,0.0,0.0,0.0,0.0,0.0,0.0,0.0,0.0,0.0,0.0,0.0,0.0,0.0,0.0,0.0,0.0,0.0,0.0,0.0,0.0,0.0,0.0,0.0,0.0,0.0,0.0,0.0,0.0,0.0,0.0,0.0,0.0,0.0,0.0,0.0,0.0,0.0,0.0,0.0,0.0,0.0,0.0,0.0,0.0,0.0,0.0,0.0,0.0,0.0,0.0,0.0,2.996,60013.0,0.743548584
25,100,168229.9655,22734.56359,0.18157758,0.2636,2250000000000.0,376577833.6,363334666.6,797960718.1,1.2924258,384.5874719,237.3555084,134035.2168,20799.05579,0.181733217,0.3468,2230000000000.0,357165242.7,312737142.7,590331865.3,1.262595984,226.8948629,135.7330787,136991.8079,20784.87877,0.180668871,0.4132,2220000000000.0,361413559.4,321362652.3,590555779.6,1.0868031,240.1820017,138.1521818,172986.4724,23058.54577,0.1806518,0.4796,2220000000000.0,389854526.2,329741897.3,839082667.8,0.97499313,254.6580933,168.1832926,173375.7089,22905.38292,0.180592218,0.5532,2220000000000.0,381079712.5,312797083.3,819852421.8,0.8446679,418.3081644,263.9690836,184033.4691,23843.87422,0.181053452,0.5488,2210000000000.0,386675469.3,332441727.3,857049013.4,0.231469574,237.7382415,140.7636942,186691.9731,24051.56678,0.180848874,0.5792,2180000000000.0,375531886.2,364321922.8,786431647.4,0.147575725,241.5633518,142.6420405,152662.6365,21393.81664,0.179782986,0.754,2190000000000.0,362483365.6,316145946.4,603584649.7,0.807787067,226.5743268,133.7855595,155319.3399,21574.14851,0.18043489,0.8244,2190000000000.0,370592717.5,321722408.0,591767142.1,0.775522377,223.3429672,136.4052739,158769.6472,21838.50539,0.180172134,0.8948,2170000000000.0,368884014.7,319948660.6,606924512.8,0.780942277,235.8460444,137.2511906,162134.5769,21978.80864,0.179584108,0.9656,2160000000000.0,365903903.3,321175447.2,607833132.6,0.804230616,225.3424794,134.9263257,214463.4298,26203.54243,0.179547198,1.034,2170000000000.0,383027311.0,334160773.8,897981133.6,0.805397802,241.8004931,141.5366383,167070.283,22088.56909,0.179189898,1.1008,2170000000000.0,372258935.9,325465243.0,614726826.8,0.784382538,225.7387944,134.517046,215731.9025,25977.48827,0.178803233,1.1688,2150000000000.0,383108521.7,367794539.3,823032778.9,0.805300875,230.0937046,137.3068221,223039.7551,26493.78322,0.179061845,1.2336,2150000000000.0,391511513.8,330806220.8,879803142.3,0.785179143,239.921779,142.5451874,173772.8813,21937.0662,0.17894075,1.296,2140000000000.0,362542880.2,309038662.4,597781286.7,0.754327983,241.3005161,139.3865389,222260.3031,25912.0033,0.178797403,1.3584,2140000000000.0,390851280.8,328596997.7,837003249.8,0.65906406,231.1744598,138.6811887,227551.837,26266.91975,0.178224937,1.426,2130000000000.0,374230264.4,361625942.4,802275226.3,0.655534154,233.7953866,137.3638711,229969.9351,26242.59567,0.178075791,1.4908,2130000000000.0,375841515.2,322971063.5,833690049.7,0.593685336,228.4874197,136.2600769,181732.9386,21807.29792,0.178072305,1.5608,2130000000000.0,375195649.3,325221898.5,597999722.7,0.516021178,230.8230361,135.2684891,186572.44,22180.59926,0.177783419,1.622,2130000000000.0,373246856.1,317014559.3,607347039.3,0.455345796,221.6875363,134.4810815,189540.1086,22291.28952,0.177338904,1.6932,2120000000000.0,363755256.5,323072589.2,604903218.2,0.402904637,236.0822812,137.1936758,189978.9636,22254.14079,0.176574623,1.756,2120000000000.0,374777985.6,317023273.1,600658644.0,0.47148048,233.3640239,136.2729396,253206.5,28219.17668,0.176383724,1.8204,2110000000000.0,371310481.3,327502228.5,882787766.8,0.391035384,238.1421531,144.4800394,246649.292,27540.95298,0.176975816,1.884,2110000000000.0,376721325.0,329039790.9,858236679.5,0.297663817,235.4103223,140.4782615,0.0,0.0,0.0,0.0,0.0,0.0,0.0,0.0,0.0,0.0,0.0,0.0,0.0,0.0,0.0,0.0,0.0,0.0,0.0,0.0,0.0,0.0,0.0,0.0,0.0,0.0,0.0,0.0,0.0,0.0,0.0,0.0,0.0,0.0,0.0,0.0,0.0,0.0,0.0,0.0,0.0,0.0,0.0,0.0,0.0,0.0,0.0,0.0,0.0,0.0,0.0,0.0,0.0,0.0,0.0,2.925,68335.0,0.751830501
30,10,146554.0882,20099.69358,0.186982477,0.2956,2360000000000.0,384075044.9,424347694.9,855901350.0,0.824377763,248.752548,154.1742996,118169.6198,18562.78359,0.18664475,0.3628,2350000000000.0,374345948.5,378077541.2,663132468.0,0.888822415,236.0066675,140.3731979,146099.9685,20060.17159,0.186133504,0.43,2340000000000.0,379610721.4,355002570.1,888743752.7,0.953122436,237.1607305,138.9245351,149561.0015,20194.24176,0.186009119,0.4952,2330000000000.0,384791156.5,414805919.9,846786470.9,1.011212487,237.3082871,143.7699837,148290.5024,20152.36022,0.18666113,0.5628,2340000000000.0,378323336.3,416625555.2,851286174.1,0.871782586,233.9793711,139.2790651,114079.2388,18174.48756,0.186938914,0.6244,2360000000000.0,373567341.8,362552947.4,652282213.5,0.854017003,232.8847751,133.8280348,143249.705,19644.66443,0.187585597,0.688,2360000000000.0,377118285.4,360795206.7,887225623.5,0.883257382,244.2060727,144.049851,148707.6551,19987.11453,0.187581126,0.754,2360000000000.0,370675178.1,359778551.3,913043778.1,0.906765053,237.6005344,143.7407466,114902.6484,18185.57508,0.187694757,0.8208,2370000000000.0,374842441.4,352945470.0,657314895.7,0.935964975,236.0050525,141.10775,115488.4475,18138.40223,0.187616758,0.8884,2360000000000.0,383390848.8,376882140.8,630398361.3,0.857721473,244.7022746,137.2799172,150336.8118,19981.20668,0.187667711,0.9528,2360000000000.0,371975799.7,355999265.2,910844931.5,0.793135057,244.1213609,141.7496895,150580.9402,19974.47135,0.18694272,1.0224,2360000000000.0,380551907.4,400942368.0,844917157.7,0.717105383,222.7485896,134.623625,149477.1396,19910.096,0.186669866,1.0892,2350000000000.0,372690938.3,351800259.1,888287176.5,0.664535859,270.341077,142.3443478,120575.8912,18421.76814,0.185739692,1.1556,2340000000000.0,371072705.9,379655468.4,626944645.2,0.596869054,231.9897476,138.0304404,153599.244,20301.52426,0.184605984,1.22,2330000000000.0,377583044.7,406184828.6,831029682.5,0.548437116,234.8448772,137.2692631,124181.7061,18716.84438,0.183776758,1.2856,2320000000000.0,364289002.6,371832327.8,636077082.4,0.533710522,226.7932302,134.1848701,126308.0229,18799.21051,0.18389901,1.3488,2330000000000.0,368199247.3,353618375.6,659311926.7,0.520758231,226.7981951,136.2085023,158476.2923,20710.63687,0.183509417,1.4172,2320000000000.0,372096907.5,408377717.0,826873409.4,0.514974455,237.9487934,139.043092,126181.6701,18747.11605,0.184185054,1.4856,2330000000000.0,376174574.5,361098637.3,650171080.0,0.515312129,244.3129665,138.0826857,125821.8881,18767.37626,0.184368878,1.5544,2330000000000.0,371746770.1,348439830.3,644790192.0,0.501331238,243.6074078,140.8304068,163699.529,21245.06116,0.182712597,1.6236,2320000000000.0,376280986.1,352394996.3,873523365.1,0.511443613,246.2874022,142.6149878,133342.6476,19490.87463,0.180945137,1.6912,2300000000000.0,370103379.8,355732871.3,656904271.4,0.509170499,232.3542083,137.5711741,168992.9262,21662.2695,0.18155399,1.7632,2300000000000.0,381231786.3,404258194.0,845543903.5,0.525426702,231.8347689,143.0593255,130486.4559,19106.10077,0.182332465,1.8276,2320000000000.0,371888276.8,355109865.8,642392423.3,0.528280733,227.3525786,136.0970425,167977.6117,21340.77461,0.182153647,1.886,2310000000000.0,366502365.4,364506292.2,872556210.9,0.435991658,247.7106193,142.4062207,130853.9746,18961.34337,0.182104412,1.9536,2310000000000.0,370304416.3,367119059.2,624810434.1,0.372143788,233.4189313,135.4681348,168306.7607,21329.17999,0.182657166,2.0188,2320000000000.0,376133442.5,352401798.7,879358857.3,0.428457227,239.4785605,142.1349158,134418.757,19230.93172,0.182802212,2.0816,2320000000000.0,362145723.6,373868453.6,633229715.6,0.465411895,234.8772125,136.7983605,133000.9326,19171.91299,0.183690902,2.1504,2320000000000.0,364037669.2,351351884.3,648007059.2,0.470625002,233.1834479,132.3368622,167416.7397,21349.40265,0.18475674,2.2204,2340000000000.0,371704116.5,360672492.5,868960976.5,0.454757691,246.1707045,140.8331799,3.542,1442.7,0.656637923
30,20,117611.5958,18677.92566,0.185817754,0.2952,2360000000000.0,378037626.8,383566358.5,648186822.4,0.760031978,250.197595,155.8795657,151468.7413,20441.78869,0.18585404,0.3588,2360000000000.0,376949516.0,367793323.4,933714696.9,0.80788582,243.5455205,143.0975804,152911.2281,20605.10818,0.185383113,0.426,2340000000000.0,372653918.4,415695911.0,870584651.3,0.911057939,248.3557285,142.951784,117931.9313,18571.62822,0.185069517,0.494,2330000000000.0,367487593.6,364032181.6,656624454.5,0.965893256,241.0619217,144.5246104,148953.1258,20340.72139,0.185186241,0.5608,2340000000000.0,377995117.5,415620195.9,845861243.8,0.830989639,234.1172333,141.3260914,148112.2512,20311.2343,0.185075,0.6204,2340000000000.0,367313032.4,359734587.9,879020998.4,0.823231942,273.1519781,145.2972751,119807.8864,18787.18965,0.184528464,0.6844,2340000000000.0,382858620.5,382242687.4,639151492.4,0.816229679,241.6386527,142.4069064,152465.8555,20635.5099,0.183690344,0.7496,2330000000000.0,365206377.1,406011904.5,837738730.0,0.784156596,229.5934047,140.9979103,155779.2456,20875.32463,0.183396567,0.8156,2330000000000.0,380496214.5,403827176.6,844171596.2,0.756198818,250.8560294,144.6351082,157600.8142,21027.14745,0.183039797,0.8856,2320000000000.0,382901590.8,423745083.3,852618463.2,0.705109334,248.9255197,143.8402068,152289.2868,20643.77298,0.182676524,0.9512,2320000000000.0,375143409.1,365360338.3,869223711.0,0.586316403,241.5634603,137.2174926,124283.6292,19095.41897,0.182318538,1.0224,2320000000000.0,362675674.3,378477680.7,639827632.3,0.529631534,238.0580965,138.8030013,125314.8085,19111.44355,0.182680825,1.0888,2330000000000.0,375990807.7,363181874.9,658473076.7,0.491519546,243.6007477,142.8174803,162200.8735,21295.43812,0.181926036,1.1576,2310000000000.0,380751744.4,407715699.0,840154977.9,0.463124753,243.3096648,142.7782124,126829.2724,19232.61005,0.18153457,1.2228,2320000000000.0,371322523.1,371410910.8,633811339.6,0.463300335,225.8759601,135.353633,131351.7604,19589.93432,0.180758188,1.2852,2300000000000.0,372544355.0,359215788.0,664050649.5,0.457125891,245.7837718,140.5369076,131437.5869,19612.31711,0.179878039,1.3512,2290000000000.0,367773279.5,377764917.0,640230430.3,0.463056842,246.2845069,138.4785738,170690.9084,21949.93811,0.179699121,1.418,2290000000000.0,372609198.0,357824083.3,917077755.3,0.446595525,261.8821431,145.276972,131094.2192,19401.98965,0.179535946,1.4868,2290000000000.0,377734853.7,356851673.5,644445134.1,0.470374547,238.8602117,136.9748352,171434.8753,21969.10062,0.180399351,1.5576,2300000000000.0,370445410.0,358200954.6,908783421.6,0.465534974,259.5180192,139.8161377,137788.4868,20012.51545,0.178190799,1.6276,2280000000000.0,371008444.3,359785434.0,661586573.6,0.461000422,275.3735598,146.5496122,138598.1965,20067.06178,0.176995976,1.6936,2270000000000.0,368923355.4,382497010.7,630090103.2,0.445177532,245.7720601,140.6793465,181986.5001,22841.73684,0.177802427,1.7632,2280000000000.0,373855143.4,364035261.5,912627006.9,0.488555824,228.3851568,137.3305129,176476.8973,22282.59715,0.178065064,1.8268,2280000000000.0,381447211.2,407633306.1,835052677.8,0.490117189,247.1313681,143.4322918,140201.7049,19847.59302,0.177741729,1.8872,2280000000000.0,375217466.0,363202431.2,652660638.2,0.386624961,222.244904,133.769357,185151.4808,22808.64623,0.17739857,1.9544,2280000000000.0,371311773.9,406294928.7,863245043.3,0.350529211,232.8929539,134.4462052,180855.3791,22452.89192,0.176737396,2.0244,2270000000000.0,377964951.4,355433026.0,866096345.6,0.379700359,228.7312031,134.6761856,177488.4778,22084.98233,0.176433447,2.088,2270000000000.0,374654833.4,361748556.9,853120564.5,0.416952927,243.5008916,141.1408078,143143.2724,19761.99907,0.177420883,2.1564,2270000000000.0,368330643.4,375003973.9,628118526.5,0.437280096,253.5040916,137.9738629,183609.5822,22352.45914,0.177590636,2.2248,2280000000000.0,381594170.4,396384780.9,842037246.2,0.415822267,237.2927854,142.1079027,3.511,5932.3,0.666191531
30,30,120335.9299,20332.88607,0.180322367,0.3672,2290000000000.0,365204751.7,320577085.1,579862570.1,1.540650087,236.1840015,162.296026,150135.3696,22058.83775,0.179843266,0.4284,2290000000000.0,376891926.8,322826609.3,822331903.5,1.571346971,229.0485273,137.4852979,146798.3316,21780.65952,0.179691767,0.4972,2290000000000.0,370832026.8,317457766.7,793376586.6,1.553067194,231.4659536,135.9129164,123147.5668,20365.58668,0.179666385,0.564,2280000000000.0,353100491.2,315200218.0,590378929.8,1.53670585,214.328744,126.8447018,150689.5349,21974.50506,0.17904246,0.6272,2280000000000.0,383024829.4,347951929.0,768748635.8,1.496679493,220.8396871,133.3912845,152325.5159,22048.57002,0.178088327,0.6916,2270000000000.0,382522926.0,317234324.7,795729207.2,1.48721764,230.2165042,134.4182534,126226.3668,20369.59678,0.178477647,0.7568,2280000000000.0,370132501.9,318271328.6,585087562.2,1.46332094,224.8173749,133.0732736,126712.3054,20310.23507,0.17692561,0.8232,2260000000000.0,363742448.7,303055518.6,584850134.6,1.398824966,231.0520755,131.73625,128761.873,20376.68373,0.177229592,0.8924,2270000000000.0,357624226.3,308972903.5,594500867.7,1.360144892,215.8311066,126.3382159,129310.0009,20328.69172,0.177485974,0.9608,2270000000000.0,357284406.8,315324955.1,584397057.6,1.339446406,226.8959301,135.9560673,131154.0942,20409.71614,0.177488757,1.0296,2270000000000.0,368475509.9,316386931.5,588298736.0,1.376101574,216.2600963,131.3569659,162153.075,22266.76455,0.177077805,1.0968,2260000000000.0,374092700.7,315736586.8,798869094.1,1.392563124,222.981975,132.0251075,130009.1636,20180.35535,0.177089871,1.1692,2270000000000.0,363381803.0,302926813.3,588842552.1,1.407691005,221.8866087,129.8590527,129491.4875,20140.07344,0.177118495,1.2364,2260000000000.0,363960390.8,311119651.4,582575389.6,1.358773531,220.8811223,129.0903839,160993.1459,22164.52404,0.176225177,1.2988,2240000000000.0,375145329.5,320399097.4,785674412.9,1.357268015,224.8963082,137.5722915,161044.3547,22110.87346,0.176829738,1.3632,2260000000000.0,380261986.1,351650416.7,747896461.4,1.335682681,222.568288,132.31092,163005.3895,22181.98871,0.176075694,1.4296,2260000000000.0,383588550.5,345724112.8,756150385.2,1.28594482,245.3524191,137.6334629,140510.6968,20671.70369,0.175524852,1.4944,2260000000000.0,363982183.6,320422425.5,602962951.4,1.231812752,223.6325477,131.4358696,142166.7282,20749.81681,0.174058843,1.5628,2240000000000.0,370167506.2,315806406.7,594958318.4,1.181077227,226.4383886,133.7529239,180936.7457,23605.40555,0.172880118,1.6328,2230000000000.0,377465076.6,323507269.8,818296617.1,1.10612578,221.6225316,131.6439743,151148.2301,21473.60418,0.171668266,1.6996,2220000000000.0,364353128.7,321942212.0,604178964.0,1.053754849,229.9369286,138.9119442,154138.2615,21614.00463,0.170366289,1.7708,2210000000000.0,369075834.0,324200648.0,615274678.0,1.044209065,222.2109559,131.6169459,189985.9661,24267.29483,0.170674788,1.8384,2220000000000.0,377417764.8,326450768.2,832693537.9,0.987136976,230.0181279,134.9242876,190837.7348,24243.39358,0.170360271,1.9064,2210000000000.0,379091497.8,322230639.9,827399250.0,0.878720366,234.5500375,138.5067331,189725.612,24223.8416,0.170049125,1.972,2210000000000.0,385026184.7,359410973.3,772437356.0,0.847595906,229.7426161,132.8061248,159371.7843,21821.8228,0.169539643,2.0352,2210000000000.0,366309922.9,314304165.1,601213281.8,0.858502166,237.6815521,137.3997526,188597.4897,23985.13129,0.168381156,2.0996,2200000000000.0,375737045.8,355789140.9,736112466.1,0.845440534,233.2376308,133.2458131,158345.091,21577.05857,0.168012162,2.1672,2190000000000.0,360067223.6,315991395.5,587075602.5,0.827396576,224.4327552,132.7484587,161026.3,21724.54529,0.16757015,2.2372,2190000000000.0,358251960.6,315901899.2,605673664.5,0.807813482,228.372026,135.4000314,163045.3371,21883.61262,0.167072702,2.3032,2190000000000.0,366578046.7,324516181.1,586744758.4,0.77511445,223.7121819,130.8972447,3.62,33051.0,0.719837047
30,40,130244.1874,20484.17278,0.188295096,0.3164,2370000000000.0,391148853.9,351895738.9,750127221.3,1.58274182,239.0372233,165.0348627,129389.4738,20410.84837,0.187690786,0.378,2360000000000.0,369376708.5,344250162.8,740063398.9,1.592550662,215.5859041,130.8822747,128684.0452,20276.59469,0.187711362,0.4464,2360000000000.0,374236750.8,312447258.7,778597837.4,1.66939349,226.0664599,128.7645535,131986.5119,20355.91429,0.188220954,0.5076,2370000000000.0,385483475.9,323088041.7,806930552.7,1.606276723,228.9699081,138.536999,131253.8387,20263.28247,0.18774687,0.576,2360000000000.0,377945867.5,313075636.7,789519952.0,1.65854054,356.3621818,258.5666829,108167.452,19067.02085,0.186863012,0.6404,2360000000000.0,359645870.9,305174921.8,564253406.9,1.586057934,223.0607231,131.9685081,112319.7933,19306.90756,0.185991503,0.7064,2350000000000.0,368656592.8,310241946.0,582685381.4,1.542665442,219.7078587,129.0721119,141142.1279,20875.78313,0.185297299,0.7748,2340000000000.0,373095125.8,325038629.8,827943198.2,1.50509235,231.5797251,132.5424596,138170.9403,20651.53018,0.184194367,0.844,2330000000000.0,374542767.8,347506839.7,736629854.9,1.455704725,236.2662091,135.1068523,115198.2552,19303.45069,0.184022395,0.912,2330000000000.0,362778766.3,311017890.2,581392322.5,1.441391935,226.0994656,127.7124727,142054.3699,20901.21395,0.183416606,0.98,2320000000000.0,374712665.8,323984470.3,794032606.9,1.407473546,240.4226738,136.8776993,140008.6202,20707.00691,0.183665473,1.0504,2330000000000.0,373551370.2,357442857.0,737976216.1,1.404107829,224.4466546,130.0066735,119251.8047,19472.91335,0.183194655,1.1196,2320000000000.0,352270352.3,308984450.5,590753796.1,1.387793329,235.2042635,134.5660816,120681.7274,19466.78639,0.183137441,1.186,2320000000000.0,370097196.6,306343988.4,589601861.3,1.381383121,233.6113846,132.6927569,146183.7103,20989.75391,0.182531775,1.2488,2310000000000.0,370855994.9,352594410.7,761558088.1,1.313528663,236.3792156,135.0556363,148548.7359,21098.3045,0.181354282,1.3112,2300000000000.0,385872002.4,352260302.5,750898498.9,1.303441955,227.1566452,134.019274,149155.5029,21117.69151,0.181164598,1.3772,2300000000000.0,373343840.2,355064530.4,738383746.6,1.240196195,218.144067,128.7650509,128618.5481,19824.1425,0.180149703,1.4436,2290000000000.0,362458740.0,304289954.6,597866035.2,1.196941555,234.102515,131.1980696,156990.2462,21483.40819,0.179356981,1.5108,2280000000000.0,381269774.5,359589151.4,770267690.7,1.171806794,228.925919,138.898793,158513.2283,21603.06289,0.177871827,1.5784,2270000000000.0,374717226.9,355135187.2,740137793.5,1.093534223,221.5901668,132.1061417,170607.1442,22570.61147,0.175754821,1.65,2250000000000.0,382402915.8,324581251.8,812268986.9,1.08732632,230.4147471,137.1608871,142715.256,20635.03032,0.173731038,1.7184,2230000000000.0,373879175.8,311634979.7,595781817.9,1.027934978,226.308727,138.6862724,174712.8258,22737.01747,0.173289794,1.7884,2230000000000.0,375778664.9,354914153.6,755741168.7,1.04695497,240.502849,138.5909624,179743.5884,23003.02976,0.173163483,1.8552,2230000000000.0,372808525.9,359177154.1,781293064.6,0.955449819,226.936319,134.6844392,184334.8095,23278.89764,0.172746641,1.9176,2230000000000.0,379608008.5,313017074.1,821543999.0,0.878907729,234.2712334,136.74905,185017.0907,23381.28353,0.172181429,1.9812,2230000000000.0,374703820.4,342053685.0,768535098.9,0.834652856,233.1808494,133.5652693,150942.2511,21029.52415,0.172460726,2.0484,2240000000000.0,367974713.0,307151782.1,601026947.0,0.845682231,226.8869461,132.5541193,189310.6126,23794.70826,0.171170787,2.1144,2220000000000.0,372855601.2,344322109.2,774565481.7,0.826923512,218.4810477,130.3240527,153146.6017,21128.75459,0.170497008,2.1844,2210000000000.0,368682829.4,313842376.7,584083738.5,0.85139192,228.1165006,130.4117488,152671.3261,21103.21936,0.170521444,2.2548,2220000000000.0,360188647.4,311737582.1,589616523.2,0.795148637,238.636712,135.4272994,3.436,50447.0,0.720190268
30,50,160051.0747,21682.67166,0.166302352,0.28,2160000000000.0,359986487.8,317880960.2,609507027.8,1.300323147,244.5588614,151.4796806,200632.8177,24929.10355,0.166716949,0.3396,2170000000000.0,381649048.6,367823389.1,809165763.8,1.122853094,235.2214791,140.0384216,157812.7218,21481.41447,0.166605291,0.4072,2170000000000.0,364976635.8,311179156.8,600091133.3,1.166873625,234.758761,135.5103741,163739.9701,21868.7528,0.166893858,0.4764,2170000000000.0,359658409.6,321924597.4,620927805.3,1.214876885,256.5370834,156.7185306,160107.2988,21612.971,0.166154191,0.5384,2160000000000.0,357278098.0,315661720.3,607527958.6,1.168101756,232.5328257,135.8899026,196682.6117,24448.35001,0.166657236,0.6044,2160000000000.0,380264521.0,324594862.6,824854377.6,1.119224798,245.663806,142.7721352,162221.9219,21685.15504,0.166295704,0.6712,2170000000000.0,362747106.8,310158361.1,612202842.8,1.082806758,246.1113819,140.2033963,206024.3731,25164.70159,0.166189107,0.738,2160000000000.0,376452928.7,322996871.9,876015719.1,1.127079865,241.2256477,136.8082038,161237.2673,21570.67585,0.165981643,0.8088,2160000000000.0,368963854.3,316105003.1,600154890.4,1.12684726,231.6652005,133.5853698,163298.2223,21594.75941,0.166313842,0.8764,2170000000000.0,368391692.0,310417463.4,599701478.4,1.112139814,223.8708453,133.2357213,163691.2717,21644.39281,0.166126114,0.946,2170000000000.0,364422785.7,311636815.5,599974653.8,1.074376374,240.0195548,137.6627658,166304.5965,21788.51526,0.165470965,1.0148,2160000000000.0,368727053.9,318062935.0,605006899.6,1.098192346,233.1645716,136.174338,165484.7327,21693.3816,0.165527765,1.0828,2160000000000.0,363565904.3,320498167.2,603893404.0,1.07850775,232.366965,138.084851,168798.4208,21872.36568,0.165177549,1.1492,2150000000000.0,368216115.9,317605147.5,605606987.0,1.077604719,226.8521342,138.5389129,169438.5373,21866.12131,0.165082534,1.2148,2160000000000.0,364720814.3,322198080.0,612263634.7,1.07545983,239.436985,137.407346,166008.3656,21550.9031,0.165622837,1.2776,2170000000000.0,368809370.9,311263675.9,605496876.4,1.104026561,238.0939443,136.8699397,207429.6709,24927.2014,0.165002077,1.3448,2150000000000.0,378081354.5,321431001.0,823505394.7,1.065450748,231.5754295,138.555733,211355.6152,25252.67486,0.164873361,1.4116,2150000000000.0,369568772.6,355839149.2,795935181.9,1.056699849,239.0985673,142.6956452,170176.2413,21773.07296,0.165043463,1.4788,2160000000000.0,360067315.9,322667580.0,595857741.2,1.020805654,230.8078415,128.5644891,173651.8107,21976.27743,0.165449295,1.5476,2160000000000.0,358826168.7,321255121.3,620603580.2,0.98983072,227.5899042,134.6163428,170214.3915,21767.76814,0.16522532,1.618,2160000000000.0,364904971.1,326047361.3,606936264.0,0.98896335,223.9953171,132.7597107,214145.0266,25391.28535,0.164361752,1.6876,2150000000000.0,385135437.3,328594617.3,817172713.1,0.929438044,235.0622777,140.7539449,174413.6428,21981.92323,0.164080653,1.7556,2150000000000.0,369484010.4,316929762.6,614645030.6,1.013023958,231.9870158,134.450142,177113.9766,22069.47629,0.165027041,1.8212,2160000000000.0,359478970.6,317959504.3,607390783.6,0.942575161,230.3739722,138.4942299,224617.5986,26211.5498,0.163685289,1.8848,2140000000000.0,373404770.0,333160921.0,855253014.0,0.915300609,234.9439326,139.0627971,179315.8397,22130.52454,0.163292538,1.9468,2140000000000.0,369698378.8,316445833.4,618242815.2,0.899420763,228.6854294,133.7293089,179530.4519,22039.66324,0.163314525,2.0136,2140000000000.0,377158889.1,314284885.6,614400875.5,0.893266143,226.8319413,134.0736631,220975.7535,25589.80403,0.163497954,2.082,2140000000000.0,369178602.7,320640286.9,811112115.1,0.893809094,231.6849913,137.9685287,218300.0827,25370.48919,0.16311576,2.1484,2140000000000.0,371819627.9,314348517.5,798383685.2,0.914232397,249.0172759,141.5628021,180185.1168,22015.96081,0.163040471,2.218,2140000000000.0,362909384.7,317269976.1,606202344.9,0.906448682,232.8738437,138.2772753,3.552,47692.0,0.728403376
30,60,155317.5396,21539.77535,0.167727382,0.2804,2180000000000.0,362910640.8,325493821.1,603433217.0,1.360280221,230.8345357,155.0626953,155171.5182,21533.5622,0.167847061,0.3356,2170000000000.0,370124666.1,319226364.7,597104290.2,1.144682018,226.353092,133.5161818,157539.8731,21591.7716,0.167889701,0.406,2180000000000.0,367428008.8,322693652.7,610614281.2,1.176061952,236.4321132,134.2291679,198142.8762,24640.70948,0.167371158,0.4724,2170000000000.0,385880964.2,353948096.1,839239940.9,1.151074586,223.1961812,135.7649596,156371.7461,21485.27511,0.167384274,0.538,2170000000000.0,365359551.5,315569978.6,604152441.4,1.197502308,226.87002,137.0186084,155749.3965,21338.63227,0.167417603,0.6032,2180000000000.0,358643996.6,316061536.3,606067026.4,1.113359946,228.7773707,133.621146,157899.2884,21460.72682,0.166492392,0.6688,2160000000000.0,368421897.3,311675847.1,597988118.1,1.119181188,230.1735137,136.5631069,200387.8695,24691.70955,0.166797148,0.7368,2160000000000.0,372660045.3,349695977.8,824123868.9,1.187545968,226.3876987,133.0200557,160141.5724,21620.45451,0.166468772,0.8036,2160000000000.0,371347396.9,315449712.9,609340547.4,1.140361762,226.5437077,135.3151443,157531.3291,21268.74408,0.166633643,0.8712,2160000000000.0,361955116.8,311404392.1,598014736.7,1.142295144,231.7611884,134.4026205,166813.145,21927.19406,0.166603836,0.94,2160000000000.0,359015647.4,320411654.8,619657207.8,1.069799054,239.4129036,141.7169938,207470.6073,25212.23708,0.165874238,1.0104,2150000000000.0,374643336.5,353769370.7,843828804.6,1.10724846,241.7434942,139.1961186,207560.9188,25132.75989,0.166298371,1.0808,2160000000000.0,370850600.4,358095006.8,824213187.8,1.078856168,229.6736236,140.6858848,161168.868,21400.65792,0.166474897,1.1468,2160000000000.0,358563512.9,313632799.9,597229027.8,1.044543265,230.4735188,138.9150825,165284.331,21609.8719,0.166520134,1.2112,2170000000000.0,357890830.0,314010497.9,614414480.7,1.057115763,235.9928607,138.1048633,163943.4176,21516.53896,0.166065984,1.2736,2160000000000.0,362769847.6,317771059.8,597447798.7,1.013119997,217.9141922,131.8496956,161183.9031,21249.09501,0.166739486,1.342,2170000000000.0,360990479.7,304461593.6,601587217.0,1.042499108,225.209633,132.6387728,204361.6709,24758.22071,0.166569375,1.4084,2160000000000.0,382550839.0,327876633.2,840580923.8,1.03685807,247.7689181,138.351374,205330.4387,24797.82134,0.166390708,1.4768,2160000000000.0,380478191.2,366982710.0,810611883.0,0.986339939,221.7001304,133.643295,202062.6068,24458.14222,0.16654897,1.5472,2160000000000.0,385802888.6,328645627.3,836658334.8,1.020792654,226.8708969,136.5237276,165532.91,21558.96062,0.166817706,1.6136,2170000000000.0,374734800.2,327732400.1,611046876.5,0.943490687,241.3831498,139.4909973,208263.478,25005.63321,0.166752905,1.6844,2180000000000.0,370092955.2,316801311.0,821324983.6,0.903419192,241.9768119,139.8810419,168923.4593,21806.89725,0.166036178,1.7544,2160000000000.0,368193516.7,313733999.6,608800406.8,0.951181595,237.6196997,137.1697506,169853.3812,21788.39192,0.166076335,1.8176,2160000000000.0,359585772.5,317031337.2,609809193.1,0.935107088,252.8285255,138.273142,169440.1946,21662.45741,0.165982313,1.8852,2160000000000.0,364336779.9,317250448.3,591147311.9,0.834720467,217.6331866,129.9666743,216431.2653,25690.00662,0.16564369,1.9488,2150000000000.0,381820637.6,360526155.1,812329762.3,0.902226777,231.9447851,139.3660371,171872.3128,21864.31553,0.165455206,2.0116,2160000000000.0,362304490.8,317557076.8,592165161.5,0.894336395,224.797351,133.810169,206915.4405,24652.37006,0.165834978,2.0804,2160000000000.0,375886539.8,348406735.7,741944261.7,0.902605489,222.5570499,131.8952698,207641.6609,24792.75684,0.166001343,2.1472,2160000000000.0,373794686.2,320253489.1,792599138.1,0.879607393,228.5280667,135.7038431,173264.8997,21804.46693,0.16570865,2.2164,2170000000000.0,367706651.1,309570053.4,603281953.3,0.892001211,229.8392803,131.3622875,3.47,47692.0,0.723032062
30,70,182993.8152,23704.01194,0.170527073,0.2668,2200000000000.0,382098764.3,331924671.0,863692113.9,1.335153995,254.8911018,150.4146833,184634.4835,23895.3238,0.171058468,0.3252,2210000000000.0,376779539.3,329770276.4,860368781.1,1.271222098,239.0337382,141.1557493,187836.8681,24096.19097,0.170082968,0.3876,2190000000000.0,391575772.8,367418992.3,831176352.5,1.169858554,233.4564335,137.572966,146828.2487,20981.75081,0.170015673,0.454,2200000000000.0,364714428.4,321536459.6,598039967.2,1.215968969,234.4759273,141.7253172,148481.0254,21013.28282,0.169902295,0.5184,2190000000000.0,361359139.1,324330256.8,599757189.8,1.244028648,223.6426221,131.0981514,149449.1514,20991.68684,0.170453285,0.5836,2210000000000.0,360432000.4,318660665.5,604297763.8,1.147171466,233.6299313,134.7218435,185734.1727,23708.73051,0.169966737,0.6488,2200000000000.0,368560535.1,317413636.5,843451989.1,1.138816199,216.9340854,133.0813124,150163.6785,21078.68159,0.170139784,0.718,2200000000000.0,372573056.2,313641801.0,602858577.0,1.177805573,227.7106521,132.7376102,148650.666,20982.74819,0.169905957,0.7864,2200000000000.0,363692721.8,309882513.4,605997946.4,1.186015333,213.0026031,126.7850477,185043.5342,23588.59988,0.169944462,0.8548,2190000000000.0,374156963.2,344060834.4,798460757.3,1.192438173,244.8167391,140.8299591,185761.2931,23588.71594,0.169843377,0.9244,2190000000000.0,380351996.4,353127234.1,799668153.0,1.109777877,226.4114614,133.7434352,149948.5066,20963.79911,0.169882325,0.9936,2200000000000.0,368513114.3,310209464.1,598764070.2,1.136023548,244.5374046,139.7676708,189135.0303,23838.90834,0.169095459,1.0628,2180000000000.0,375169529.2,318771532.2,841410836.2,1.089378466,233.6890736,136.4977138,151661.7321,20946.72501,0.169731944,1.132,2190000000000.0,364483151.2,312383384.0,598954788.5,1.066216909,234.3931732,136.9888343,187677.5842,23525.93748,0.169754563,1.1932,2200000000000.0,377013026.5,345493390.9,783935316.8,1.080238291,229.2501289,133.6052684,151547.3084,20859.176,0.169257702,1.26,2190000000000.0,355407341.5,315641693.1,588968509.8,1.028462705,230.8938272,132.6488311,154279.2212,21107.49349,0.169446089,1.3252,2200000000000.0,364636842.2,320479122.4,600656994.5,1.067233088,229.6012197,132.2975108,154147.8691,21051.05405,0.169522264,1.3908,2200000000000.0,372327718.8,312611553.6,592739269.9,1.051082978,225.7887517,134.4675374,156192.9626,21167.93493,0.169376368,1.4592,2190000000000.0,369867584.6,316041279.9,590457395.9,1.069997111,223.524275,131.6795451,156771.6773,21152.41908,0.169834815,1.5292,2200000000000.0,372080288.6,312474525.1,606909799.6,1.031541313,233.2371511,137.8078127,154651.6774,21030.26722,0.170236815,1.6012,2200000000000.0,364299571.0,308184350.4,596845568.9,1.010858703,215.9445085,128.4251327,199847.3494,24630.24728,0.168768891,1.6696,2190000000000.0,375920252.8,324156813.6,851368580.5,0.981710598,227.1828172,138.8160152,194846.8367,24178.9318,0.169414031,1.7364,2190000000000.0,379494390.1,360154301.3,783788538.7,1.022195878,238.1615641,137.9213304,199238.5736,24638.848,0.169747695,1.8016,2190000000000.0,378054653.8,370599517.5,818218908.0,1.072174112,224.7022814,135.2021875,201750.9068,24769.20268,0.169787971,1.8668,2190000000000.0,377414651.4,327981977.5,875498338.5,0.950011681,231.7461652,139.0726726,157077.9072,21158.93295,0.169740281,1.9308,2200000000000.0,368314884.2,314201298.8,595159576.6,0.959370398,228.8804475,137.2416809,155788.0727,21043.65427,0.170448329,1.9976,2210000000000.0,371032966.2,308700524.9,592337654.1,0.980284384,233.4758792,133.1313989,194799.9438,24008.01672,0.170117758,2.0624,2200000000000.0,373908335.1,345390097.1,767905257.3,0.938868361,220.4082951,130.2665196,158794.7858,21262.76251,0.169775407,2.1316,2200000000000.0,368340756.1,315198214.4,585492979.9,0.982200464,231.0712796,133.8607516,163058.8638,21520.84097,0.169483286,2.2004,2200000000000.0,360027734.4,308703868.9,600343125.4,0.99636846,230.0276214,133.7660982,3.426,27814.0,0.733128398
30,80,141106.6863,20632.91257,0.172335506,0.2684,2220000000000.0,355832387.1,318789216.1,589422009.1,1.363479761,232.0889032,144.9000635,141911.4418,20639.49869,0.17110533,0.3244,2200000000000.0,369897657.2,316014054.4,593528826.7,1.253525251,240.0093977,141.5046746,180581.7703,23401.27884,0.171238609,0.3808,2200000000000.0,385724728.8,323736004.7,860868564.8,1.106585585,237.5904107,141.6588001,143497.2751,20517.36023,0.170874602,0.448,2200000000000.0,363175701.9,305468436.9,600010602.9,1.140475646,386.3777913,235.8450817,142159.4175,20506.48484,0.170904092,0.5176,2200000000000.0,364491944.1,306006908.0,587595813.4,1.106824435,235.5429561,133.8692686,142603.3011,20457.23535,0.17119161,0.5796,2210000000000.0,366855850.7,303702634.9,581260515.3,1.152841977,221.3364691,132.0590954,144117.7619,20567.57291,0.170743467,0.6464,2200000000000.0,358498122.8,313458842.4,579725753.7,1.08443194,231.7242853,131.9889156,179637.1013,23119.47289,0.170675596,0.7144,2200000000000.0,383636780.4,325625872.8,816883214.7,1.139108816,239.3179263,140.0770648,178941.6886,23013.69061,0.17046637,0.7828,2200000000000.0,380393262.6,354398739.9,783842711.6,1.125836214,226.6390976,134.9956501,141636.845,20366.13089,0.170619239,0.8512,2200000000000.0,365960892.9,311904524.8,574486333.4,1.105790858,214.0528707,130.0959995,178372.4976,22953.3628,0.170292932,0.9224,2190000000000.0,378332195.4,358780981.4,783866192.1,1.02783201,226.636155,130.8591184,185606.2736,23456.97674,0.17069922,0.9916,2200000000000.0,368047529.2,315898648.9,844362285.1,1.039194593,234.5960242,137.923815,146614.1043,20713.67947,0.170612943,1.0588,2200000000000.0,369770918.8,310677529.3,595464162.4,1.035273447,230.9574051,129.7583474,147330.7609,20777.93745,0.170899066,1.1268,2200000000000.0,373378916.7,312064123.8,604340113.3,1.01603357,224.36154,131.2876802,185487.6669,23602.20994,0.170973619,1.1908,2200000000000.0,370274250.7,319136271.1,847610962.1,1.001394017,224.7026122,134.9523761,149059.8995,20916.85363,0.170541091,1.252,2200000000000.0,351419729.6,310597410.0,585775803.1,0.998805737,233.9445286,137.1869304,190291.5663,24038.10133,0.17108728,1.3188,2210000000000.0,382427858.4,322863118.3,848187920.9,0.973809441,225.351672,135.7526605,186828.7815,23785.59729,0.170152652,1.3876,2200000000000.0,370914785.1,326104715.3,813012900.6,0.944249022,234.6581004,135.2310375,150806.5483,21064.18204,0.170117695,1.456,2200000000000.0,361267387.5,317432818.5,574351776.4,0.933885764,220.4054557,132.2503408,154847.4607,21361.96181,0.169900847,1.5268,2190000000000.0,370897621.4,312180083.7,604004985.6,0.903104636,222.0680584,130.3865587,193986.9281,24386.29113,0.169876059,1.5936,2190000000000.0,393375074.2,360121863.2,811028387.8,0.861600061,232.099462,136.512172,192640.2883,24199.85526,0.168685298,1.6632,2190000000000.0,378296081.1,353538320.9,770143620.1,0.808439973,225.6537017,135.9394991,199048.7714,24716.75282,0.167761365,1.7308,2180000000000.0,377696033.7,366676119.2,784708346.3,0.791211119,230.5027237,135.501717,202841.2976,25019.29193,0.167938751,1.7964,2180000000000.0,379508407.2,332873426.9,832968948.0,0.840931205,234.3318194,137.0101317,212899.7914,25635.56035,0.167501377,1.8596,2180000000000.0,378398612.8,360445004.8,848887773.3,0.734873483,230.8901896,134.8954935,205472.8801,24980.77684,0.166844357,1.9228,2160000000000.0,377636430.6,326882018.9,826548471.9,0.680086438,233.0233744,138.1049476,216061.9925,25766.18213,0.166261957,1.9908,2170000000000.0,372756185.7,330058922.6,856587142.9,0.663187994,235.267894,140.3426498,216446.6457,25639.77888,0.165897201,2.0552,2170000000000.0,387447285.2,326613895.3,830770984.4,0.643683612,236.4031596,139.1733542,174892.681,21872.85101,0.165194154,2.1212,2160000000000.0,361053502.4,317660168.4,603894084.5,0.661605077,224.8953096,132.7902451,177369.1709,21911.27281,0.164262233,2.188,2160000000000.0,359817180.7,321144653.5,600174966.1,0.630394172,221.0098349,131.6481634,3.389,30111.0,0.736643719
30,90,170887.0735,22533.26307,0.173736559,0.274,2220000000000.0,371031652.3,321577610.4,822541784.8,1.168480486,225.9766899,144.0907344,165511.1119,22154.35437,0.17337821,0.3248,2220000000000.0,373830585.1,357812429.4,749028523.2,1.137364695,235.9335692,140.6692236,137512.0588,20177.7332,0.173438255,0.392,2220000000000.0,359474751.1,313458865.8,600775890.1,0.993813231,238.9741025,134.3910111,135981.4662,20075.19618,0.173388264,0.4476,2230000000000.0,363324211.4,312101048.7,595996975.6,0.890057001,240.9259966,148.3711937,168635.8345,22144.14608,0.173233495,0.5288,2220000000000.0,370396330.0,350093174.0,774194971.3,0.908697613,235.4303768,139.8037306,139072.8235,20163.90124,0.172907433,0.5936,2220000000000.0,355880759.1,309457746.9,596357650.6,0.880183274,213.1722529,128.4905571,164800.6823,21951.80364,0.172977303,0.662,2220000000000.0,365467133.6,315956915.7,775413178.4,0.880133988,221.2834484,131.4940539,140523.0414,20318.21005,0.173264457,0.7312,2230000000000.0,361823572.8,305771662.5,602650977.9,0.921319343,220.1295857,131.3044545,140763.8774,20307.18729,0.172811773,0.7996,2230000000000.0,361837130.5,315941233.1,593460476.9,0.868170024,223.8327281,133.458036,174506.5707,22699.21038,0.172903455,0.8676,2220000000000.0,387372750.8,354342756.1,776054961.7,0.841512268,238.3150188,132.5741451,174924.4993,22669.26989,0.172324175,0.9384,2210000000000.0,384909032.4,346647216.3,768482258.7,0.824259452,219.5781061,131.2443498,144673.0507,20634.34885,0.171492589,1.0104,2210000000000.0,362595067.8,306072642.7,603213643.5,0.828113566,226.7506815,133.4438116,168370.4758,22284.79892,0.171354462,1.0772,2200000000000.0,374409007.7,325362282.4,752580431.0,0.815713431,229.8678874,133.6160655,177897.2909,22989.07566,0.171445297,1.1424,2210000000000.0,372866267.5,322766542.3,805371317.8,0.790521977,221.4950282,133.7931777,178049.7002,22998.42979,0.17076846,1.2076,2200000000000.0,387682072.4,360006615.6,760012096.1,0.776812925,239.6976196,134.7533395,150072.4724,20926.36583,0.171134692,1.2756,2210000000000.0,364737280.4,308746471.1,601732329.7,0.811714871,230.0651881,132.4101847,153355.3895,21133.84339,0.170241624,1.3396,2200000000000.0,366682332.7,310624227.6,612266388.5,0.791863282,230.4902017,136.83239,153726.9121,21195.89972,0.170471647,1.4096,2210000000000.0,371382142.0,314826432.7,610607455.2,0.835416672,220.875965,129.335116,191337.0022,23893.89967,0.169361835,1.4772,2190000000000.0,378880463.5,356687855.3,786914459.7,0.823869677,231.8046169,133.9394977,190968.7817,23768.17216,0.169338772,1.5444,2190000000000.0,384180121.7,317059998.2,808062348.2,0.773290787,225.440806,133.7241218,159054.453,21364.66017,0.168686038,1.6056,2190000000000.0,370835999.3,315495223.7,609585906.0,0.742948787,234.3374242,135.4544087,163658.2718,21557.95546,0.167616207,1.6796,2180000000000.0,363278499.1,319362732.2,608528424.6,0.747854599,224.3756572,134.8420606,166463.4092,21685.94732,0.166641945,1.7512,2170000000000.0,367263015.8,315868659.9,607479676.4,0.773102277,227.6261939,132.8023731,168172.9487,21737.82544,0.165956517,1.8132,2160000000000.0,372536413.9,323522663.8,613772322.1,0.779538383,222.5514086,133.397299,167134.443,21360.57457,0.165430061,1.8728,2160000000000.0,356351577.0,314595565.2,585102055.7,0.650770977,233.0685613,137.2235982,210196.2574,24843.92935,0.164685243,1.9388,2150000000000.0,372685885.6,330003299.3,812341274.5,0.642564179,236.5660816,140.4961372,174519.7472,21667.82587,0.164394649,2.002,2150000000000.0,367085916.4,325028310.8,609831484.6,0.628233817,222.0077295,135.3889874,224613.9113,25796.75486,0.164224071,2.0692,2150000000000.0,382502207.9,344085218.5,818474169.9,0.625963317,229.7703521,138.0363363,179193.8724,21706.30902,0.163059754,2.1324,2140000000000.0,363879442.7,318176091.5,592820983.2,0.629707016,221.6579881,131.6892973,181007.6981,21764.15636,0.162340615,2.2024,2130000000000.0,372980767.8,325032020.8,601590174.6,0.610565074,227.5804112,137.1560488,3.481,36133.0,0.749354778
30,100,123151.1174,18269.22888,0.174543554,0.228,2290000000000.0,373063544.0,305697918.3,599732190.5,1.234973301,222.7827905,139.7452806,123925.7965,18414.82652,0.173995352,0.2884,2290000000000.0,361297474.8,321376173.2,593423984.1,1.46685821,219.0565236,134.2522603,149009.9439,19872.03941,0.174618676,0.3472,2290000000000.0,375412786.2,359504064.7,750925178.5,1.450263107,230.3424558,138.5433663,150779.5411,19858.15334,0.174053497,0.412,2290000000000.0,374095779.5,324557461.8,816040079.4,1.344130244,230.7757786,136.9106308,154121.7935,20090.40714,0.174271865,0.4772,2290000000000.0,378319281.8,364806960.7,774597794.3,1.253221335,230.696039,138.6014454,126001.1561,18309.84326,0.173455461,0.5396,2280000000000.0,369070569.6,303237795.9,598760497.5,1.119301574,230.5949395,129.6625012,129551.2181,18571.76604,0.17300735,0.6108,2270000000000.0,372382414.6,308029621.2,599062476.3,1.104963306,217.6293609,130.7744049,129476.0105,18626.3548,0.173149196,0.6792,2260000000000.0,360072748.1,315267099.0,595076017.0,1.102203751,246.9113161,135.5403261,156594.4569,20315.15488,0.172693222,0.7488,2270000000000.0,373169048.4,353064894.9,766584262.9,1.067402261,231.8229706,136.645542,132137.1279,18878.72178,0.172763954,0.818,2260000000000.0,357693563.7,315696377.8,603982237.1,1.073090066,224.3091437,133.0010447,154680.6762,20296.00014,0.172628305,0.8884,2260000000000.0,375427261.7,357918429.4,737894562.3,1.010877863,228.1389727,136.53145,133552.0221,18978.77247,0.172035194,0.9572,2260000000000.0,364847304.1,322917943.9,607098121.4,1.026302792,252.9422064,135.4758193,157363.4021,20593.16085,0.171923023,1.028,2260000000000.0,373096843.2,365744256.5,767002537.2,1.024294481,222.4611823,136.1446203,159015.3873,20737.38168,0.172253394,1.0952,2260000000000.0,385515854.0,361708557.7,766536030.8,1.023019548,214.9832598,127.3562321,131851.2962,18955.39432,0.17171226,1.1576,2260000000000.0,361723865.7,314398990.7,593087863.4,1.001943461,226.2403028,131.1250642,159517.5815,20855.07671,0.172389077,1.2244,2260000000000.0,377913510.8,365818683.0,765059739.9,0.955892193,236.7038463,137.0736888,136238.5563,19344.83003,0.171957177,1.2912,2270000000000.0,355782326.9,303290776.9,612523662.1,0.96523098,231.0110323,134.270164,136056.9748,19379.88917,0.171399053,1.3588,2250000000000.0,367047671.1,305897093.0,597894396.7,0.950441166,234.3579954,133.8911707,138971.9901,19569.32783,0.170196196,1.4284,2270000000000.0,362784244.0,311038530.6,613689586.0,0.949952513,238.9708696,137.613223,139364.5559,19598.25374,0.17124987,1.4968,2270000000000.0,369945090.0,310875623.3,603801122.2,0.945445151,230.4233331,134.5437011,166403.5488,21430.59007,0.171251415,1.5648,2260000000000.0,375718142.9,361496477.9,743063582.2,0.909979722,228.8985681,134.0303795,144860.228,20002.85455,0.170124668,1.6356,2240000000000.0,359670440.8,312299294.4,619022107.9,0.894603072,232.1545854,136.0017418,178078.2959,22348.20846,0.170659205,1.7064,2230000000000.0,373486918.1,365538127.3,788039471.9,0.870137117,233.611898,137.287094,175086.2596,22069.36529,0.170715429,1.7728,2220000000000.0,377177649.8,360738718.9,752447976.6,0.904352074,243.3781304,138.9381552,147798.8488,20008.76374,0.17019425,1.8336,2230000000000.0,365230952.9,318988028.4,607041288.4,0.859398856,233.3042862,136.5624917,150004.8258,20052.17876,0.170835068,1.8992,2230000000000.0,362162478.8,314195622.8,604207290.1,0.787053567,228.7562378,134.4114648,150107.6076,19952.18011,0.170290932,1.9684,2230000000000.0,365675724.2,313728482.5,592216943.3,0.801512896,237.7902886,134.9663085,181972.9999,22174.66692,0.170411627,2.0332,2220000000000.0,368901454.0,356883066.8,756812339.9,0.814224591,239.1184252,136.5135739,158653.3934,20319.80991,0.170133085,2.1024,2220000000000.0,358790874.5,305404874.9,618226343.3,0.816292709,220.4713418,133.622592,192097.4469,22888.97885,0.169633026,2.1688,2190000000000.0,375755797.8,359167128.0,782478384.5,0.829739655,230.23704,138.3265593,3.425,36133.0,0.747770175
